종목명,종목코드,분류KSE,분류FICS,현재가,1개월,3개월,6개월,1년,3년,최고가,최저가,주당순이익,주당순자산,배당금,PER,PBR,배당률
삼성전자,e=005930,KSE  코스피 전기·전자,FICS  반도체 및 관련장비,"108,400",+7.75,+55.97,+83.42,+101.86,84.04,"111,100"," 51,000","4,950","57,930","1,446",10.75,0.92,2.72
SK하이닉스,e=000660,KSE  코스피 전기·전자,FICS  반도체 및 관련장비,"544,000",-6.04,+98.90,+142.32,+214.45,589.48,"620,000"," 164,800","27,182","104,567","2,204",6.40,1.66,1.27
LG에너지솔루션,e=373220,KSE  코스피 전기·전자,FICS  전자 장비 및 기기,"426,000",-8.19,+24.20,+46.39,+11.52,-24.33,"514,000"," 268,000","-4,354","90,240",,N/A,3.86,
삼성바이오로직스,e=207940,KSE  코스피 제약,FICS  바이오,"1,641,000",-8.68,+8.25,+9.42,+15.66,34.18,"1,813,189"," 1,374,609","15,221","153,212",,91.76,9.12,
현대차,e=005380,KSE  코스피 운송장비·부품,FICS  자동차,"315,000",+17.32,+43.18,+66.14,+54.03,93.25,"315,000"," 177,500","46,042","405,094","12,000",4.60,0.52,5.66
두산에너빌리티,e=034020,KSE  코스피 기계·장비,FICS  기계,"80,400",-3.83,+30.10,+75.16,+330.18,404.08,"96,400"," 17,180",174,"11,706",,100.95,1.50,
기아,e=000270,KSE  코스피 운송장비·부품,FICS  자동차,"123,600",+11.35,+15.95,+32.76,+31.49,90.15,"123,600"," 82,000","24,413","141,271","6,500",4.12,0.71,6.45
KB금융,e=105560,KSE  코스피 금융,FICS  상업은행,"130,700",+7.48,+20.35,+22.95,+52.33,157.28,"134,700"," 70,500","12,705","150,243","3,174",6.52,0.55,3.83
한화에어로스페이스,e=012450,KSE  코스피 운송장비·부품,FICS  상업서비스,"895,000",-5.79,-2.72,-1.10,+195.10,"1,209.40","1,107,000"," 274,733","46,183","108,270","3,431",6.96,2.97,1.07
HD현대중공업,e=329180,KSE  코스피 운송장비·부품,FICS  조선,"534,000",+1.14,+4.09,+25.65,+151.29,350.63,"624,000"," 208,000","7,001","64,259","2,090",41.07,4.47,0.73
셀트리온,e=068270,KSE  코스피 제약,FICS  바이오,"183,300",+4.80,+8.46,+16.68,+10.08,18.54,"196,100"," 146,216","1,789","82,821",688,100.97,2.18,0.38
삼성물산,e=028260,KSE  코스피 유통,FICS  복합 산업,"244,000",+13.23,+39.43,+44.46,+100.82,110.34,"245,500"," 108,300","12,280","180,536","2,600",9.35,0.64,2.26
SK스퀘어,e=402340,KSE  코스피 금융,FICS  복합 산업,"302,000",+16.15,+97.64,+133.57,+282.76,757.95,"323,500"," 75,200","27,346","142,115",,2.90,0.56,
NAVER,e=035420,KSE  코스피 IT 서비스,FICS  인터넷 서비스,"249,500",-10.41,+8.95,+30.49,+22.30,35.97,"290,500"," 176,900","11,913","166,221","1,130",16.70,1.20,0.57
신한지주,e=055550,KSE  코스피 금융,FICS  상업은행,"80,200",+6.51,+24.15,+35.47,+61.04,115.30,"81,400"," 43,600","8,740","111,837","2,160",5.45,0.43,4.53
한화오션,e=042660,KSE  코스피 운송장비·부품,FICS  조선,"108,500",-14.16,-3.56,+39.10,+233.33,565.56,"141,000"," 29,850","1,724","15,859",,21.67,2.36,
한국전력,e=015760,KSE  코스피 전기·가스,FICS  전력,"52,200",+20.00,+42.04,+77.85,+141.11,163.64,"52,800"," 19,560","5,439","62,177",213,3.69,0.32,1.06
현대모비스,e=012330,KSE  코스피 운송장비·부품,FICS  자동차부품,"362,500",+25.87,+12.23,+42.72,+53.28,74.70,"362,500"," 234,500","43,480","501,648","6,000",5.44,0.47,2.54
삼성생명,e=032830,KSE  코스피 보험,FICS  보험,"158,200",+5.47,+5.54,+31.29,+55.86,124.08,"168,400"," 73,600","10,534","164,215","4,500",9.00,0.58,4.75
HD한국조선해양,e=009540,KSE  코스피 금융,FICS  조선,"432,000",+0.82,+0.82,+35.42,+122.45,485.37,"479,500"," 186,200","16,565","156,980","5,100",13.76,1.45,2.24
HD현대일렉트릭,e=267260,KSE  코스피 전기·전자,FICS  전기장비,"832,000",-4.15,+60.93,+113.88,+125.78,"2,089.47","949,000"," 265,000","13,914","42,085","5,350",27.45,9.08,1.40
카카오,e=035720,KSE  코스피 IT 서비스,FICS  인터넷 서비스,"61,500",-1.91,+5.13,+38.83,+39.46,10.81,"70,400"," 35,750",124,"22,860",68,306.85,1.67,0.18
고려아연,e=010130,KSE  코스피 금속,FICS  금속 및 광물,"1,359,000",+35.63,+50.83,+79.29,-32.05,124.63,"1,813,000"," 653,000","9,190","454,583","17,500",109.46,2.21,1.74
LG화학,e=051910,KSE  코스피 화학,FICS  화학,"381,500",-0.91,+38.98,+89.33,+43.96,-43.81,"419,500"," 182,400","-8,825","425,191","1,000",N/A,0.59,0.40
하나금융지주,e=086790,KSE  코스피 금융,FICS  상업은행,"95,200",+9.55,+17.24,+29.52,+59.73,115.87,"97,300"," 52,200","12,872","149,740","3,600",4.41,0.38,6.34
POSCO홀딩스,e=005490,KSE  코스피 금속,FICS  금속 및 광물,"311,000",+1.80,+12.48,+21.01,+16.70,7.24,"335,000"," 230,500","13,073","689,205","10,000",19.39,0.37,3.94
삼성SDI,e=006400,KSE  코스피 전기·전자,FICS  전자 장비 및 기기,"307,500",-5.38,+54.14,+76.42,+24.88,-55.64,"337,500"," 160,200","8,305","278,721",971,29.18,0.87,0.40
삼성화재,e=000810,KSE  코스피 보험,FICS  보험,"522,000",+11.30,+14.10,+17.17,+33.16,157.14,"522,000"," 327,500","41,007","337,189","19,000",8.74,1.06,5.30
삼성중공업,e=010140,KSE  코스피 운송장비·부품,FICS  조선,"25,450",-7.29,+20.62,+51.94,+134.13,400.98,"30,300"," 9,990",73,"5,414",,155.70,2.09,
현대로템,e=064350,KSE  코스피 운송장비·부품,FICS  운송인프라,"182,000",-15.15,-11.22,+17.04,+280.75,538.60,"244,500"," 44,450","3,728","18,737",200,13.33,2.65,0.40
우리금융지주,e=316140,KSE  코스피 금융,FICS  상업은행,"28,500",+9.62,+17.28,+41.79,+77.13,128.00,"29,000"," 15,240","4,144","45,964","1,200",3.71,0.33,7.81
SK이노베이션,e=096770,KSE  코스피 화학,FICS  석유 및 가스,"114,600",-5.21,+8.73,+24.43,+2.96,-29.20,"139,200"," 81,100","-21,236","164,556","2,000",N/A,0.68,1.79
포스코퓨처엠,e=003670,KSE  코스피 전기·전자,FICS  화학,"206,000",-3.51,+56.53,+78.59,+30.14,1.68,"245,500"," 97,028","-2,621","36,714",,N/A,3.75,
삼성전기,e=009150,KSE  코스피 전기·전자,FICS  전자 장비 및 기기,"263,000",+14.60,+47.59,+99.24,+140.18,95.54,"265,000"," 105,600","8,752","115,152","1,800",14.15,1.08,1.45
SK,e=034730,KSE  코스피 금융,FICS  석유 및 가스,"264,000",+11.16,+27.85,+41.18,+98.50,29.41,"279,500"," 115,400","-17,618","370,376","7,000",N/A,0.36,5.32
메리츠금융지주,e=138040,KSE  코스피 금융,FICS  증권,"111,000",-2.55,-9.83,-0.09,+10.67,194.04,"129,000"," 97,300","11,897","56,959","1,350",8.74,1.83,1.30
HMM,e=011200,KSE  코스피 운송·창고,FICS  해상운수,"20,550",+3.79,-10.46,-4.86,+12.85,-1.44,"25,950"," 17,530","4,293","31,615",600,4.11,0.56,3.40
효성중공업,e=298040,KSE  코스피 전기·전자,FICS  전기장비,"2,012,000",-9.33,+63.31,+209.54,+357.79,"2,506.22","2,328,000"," 382,500","23,876","204,753","5,000",16.46,1.92,1.27
기업은행,e=024110,KSE  코스피 은행,FICS  상업은행,"21,050",+8.95,+10.73,+31.15,+46.89,93.12,"22,000"," 13,600","3,316","42,570","1,065",4.32,0.34,7.43
KT&G,e=033780,KSE  코스피 음식료·담배,FICS  담배,"143,000",+5.22,+5.77,+17.02,+17.21,46.22,"147,200"," 95,000","8,975","81,920","5,400",11.93,1.31,5.04
HD현대,e=267250,KSE  코스피 금융,FICS  석유 및 가스,"208,500",+2.71,+44.09,+76.69,+166.62,226.29,"226,500"," 66,900","6,444","116,021","3,600",12.29,0.68,4.55
LG전자,e=066570,KSE  코스피 전기·전자,FICS  내구소비재,"99,700",+14.47,+32.76,+37.71,+15.93,10.41,"99,700"," 64,700","2,032","116,348","1,000",41.09,0.72,1.20
LSELECTRIC,e=010120,KSE  코스피 전기·전자,FICS  전기장비,"515,000",+14.06,+75.77,+98.84,+234.63,859.03,"515,000"," 143,600","7,957","61,669","2,900",20.21,2.61,1.80
두산,e=000150,KSE  코스피 금융,FICS  복합 산업,"928,000",-0.22,+60.28,+69.03,+318.02,985.38,"1,018,000"," 214,000","-10,562","77,764","2,000",N/A,3.28,0.78
현대글로비스,e=086280,KSE  코스피 운송·창고,FICS  육상운수,"179,300",+10.95,-3.50,+52.08,+53.64,112.11,"190,100"," 105,400","14,585","116,975","3,700",8.10,1.01,3.13
삼성에스디에스,e=018260,KSE  코스피 IT 서비스,FICS  IT 서비스,"176,000",-1.01,+16.17,+30.76,+29.32,43.67,"193,500"," 109,600","9,783","120,638","2,900",13.06,1.06,2.27
KT,e=030200,KSE  코스피 통신,FICS  무선통신,"53,100",+9.60,-0.75,+5.57,+11.32,41.98,"58,400"," 43,800","1,850","65,177","2,000",23.70,0.67,4.56
LG,e=003550,KSE  코스피 금융,FICS  복합 산업,"85,600",+7.40,+13.23,+15.52,+14.75,9.04,"86,500"," 58,500","3,585","172,088","3,100",20.08,0.42,4.31
미래에셋증권,e=006800,KSE  코스피 증권,FICS  증권,"21,850",-11.72,+14.94,+22.62,+155.85,244.64,"27,500"," 7,980","1,229","16,894",250,6.54,0.48,3.11
하이브,e=352820,KSE  코스피 오락·문화,FICS  미디어,"290,000",-12.65,-0.17,+1.93,+52.31,100.00,"342,500"," 185,300",225,"77,737",200,858.82,2.49,0.10
크래프톤,e=259960,KSE  코스피 IT 서비스,FICS  게임 소프트웨어,"247,500",-5.89,-24.08,-33.02,-21.80,38.66,"386,000"," 243,500","27,162","144,190",,11.51,2.17,
SK텔레콤,e=017670,KSE  코스피 통신,FICS  무선통신,"54,400",+3.23,-0.73,+3.42,-6.53,8.37,"59,100"," 50,700","5,810","54,898","3,540",9.50,1.01,6.41
한미반도체,e=042700,KSE  코스피 기계·장비,FICS  반도체 및 관련장비,"119,100",-10.52,+43.67,+44.01,+60.08,849.00,"151,500"," 59,500","1,573","7,143",720,52.46,11.55,0.87
한국항공우주,e=047810,KSE  코스피 운송장비·부품,FICS  상업서비스,"106,200",+6.20,+12.50,+19.06,+84.38,130.12,"115,000"," 49,850","1,765","17,500",500,31.10,3.14,0.91
카카오뱅크,e=323410,KSE  코스피 은행,FICS  상업은행,"22,000",-1.79,-6.58,-9.28,-2.44,-17.91,"37,000"," 19,800",923,"13,739",360,22.81,1.53,1.71
SK바이오팜,e=326030,KSE  코스피 일반서비스,FICS  제약,"134,000",+11.11,+22.71,+48.23,+28.72,85.60,"140,700"," 88,500","3,074","6,975",,36.14,15.93,
이수페타시스,e=007660,KSE  코스피 전기·전자,FICS  전자 장비 및 기기,"135,200",+28.15,+113.92,+232.60,+503.12,"2,256.22","146,300"," 20,520","1,145","5,067",147,23.22,5.25,0.55
에이피알,e=278470,KSE  코스피 화학,FICS  개인생활용품,"254,500",-2.68,+18.10,+110.68,+374.81,,"276,000"," 42,000","2,842","10,058",,17.59,4.97,
삼양식품,e=003230,KSE  코스피 음식료·담배,FICS  식료품,"1,297,000",-3.14,-16.43,+14.47,+111.58,"1,042.73","1,630,000"," 598,000","36,106","109,340","3,300",21.19,7.00,0.43
포스코인터내셔널,e=047050,KSE  코스피 유통,FICS  무역,"54,900",+3.98,+12.85,+8.71,+38.46,139.74,"61,000"," 37,400","2,925","37,359","1,550",13.56,1.06,3.91
유한양행,e=000100,KSE  코스피 제약,FICS  제약,"117,300",+0.69,-1.43,+13.01,+0.34,116.79,"137,700"," 101,100",869,"28,505",500,137.59,4.19,0.42
한화시스템,e=272210,KSE  코스피 전기·전자,FICS  상업서비스,"47,200",-13.39,-9.92,+7.27,+117.51,331.05,"68,600"," 19,830","2,405","13,361",350,9.40,1.69,1.55
한국금융지주,e=071050,KSE  코스피 금융,FICS  증권,"164,000",-2.96,+25.00,+43.73,+113.54,186.21,"182,300"," 65,400","16,883","157,522","3,980",4.22,0.45,5.58
S-Oil,e=010950,KSE  코스피 화학,FICS  석유 및 가스,"80,500",+7.48,+32.84,+42.98,+45.05,-3.59,"90,000"," 50,400","-1,656","74,590",125,N/A,0.73,0.23
HD현대미포,e=010620,KSE  코스피 운송장비·부품,FICS  조선,"223,000",+5.44,+10.95,+13.20,+83.99,167.39,"247,500"," 100,700","2,642","51,439",710,50.79,2.61,0.53
HD현대마린솔루션,e=443060,KSE  코스피 일반서비스,FICS  조선,"194,900",-16.71,-11.41,+6.62,+53.71,,"253,000"," 124,100","5,305","17,255","3,150",30.42,9.35,1.95
DB손해보험,e=005830,KSE  코스피 보험,FICS  보험,"125,200",-2.42,-9.67,+18.22,+21.08,106.26,"145,500"," 78,900","26,152","133,463","6,800",3.93,0.77,6.61
LIG넥스원,e=079550,KSE  코스피 금속,FICS  상업서비스,"372,500",-21.91,-21.74,-17.13,+92.11,314.81,"631,000"," 171,100","10,078","55,272","2,400",21.88,3.99,1.09
현대오토에버,e=307950,KSE  코스피 IT 서비스,FICS  IT 서비스,"283,500",+36.63,+70.58,+102.79,+116.08,167.45,"283,500"," 110,100","6,228","62,191","1,780",20.25,2.03,1.41
현대건설,e=000720,KSE  코스피 건설,FICS  건설,"75,100",+16.80,+26.01,+10.44,+191.65,92.81,"81,100"," 24,100","-1,500","71,394",600,N/A,0.36,2.36
대한항공,e=003490,KSE  코스피 운송·창고,FICS  항공운수,"22,250",+1.14,-5.92,-2.41,-9.37,-14.59,"26,250"," 20,150","3,567","28,356",750,6.34,0.80,3.32
키움증권,e=039490,KSE  코스피 증권,FICS  증권,"287,500",+1.77,+39.23,+64.10,+137.41,221.95,"312,500"," 109,200","29,304","203,329","7,500",3.97,0.57,6.45
NH투자증권,e=005940,KSE  코스피 증권,FICS  증권,"21,400",+5.42,+11.23,+19.82,+53.19,126.69,"23,450"," 12,200","1,976","23,469",950,7.06,0.59,6.81
한국타이어앤테크놀로지,e=161390,KSE  코스피 화학,FICS  자동차부품,"62,800",+37.72,+59.80,+61.03,+64.61,90.02,"63,200"," 36,200","8,998","89,971","2,000",4.27,0.43,5.21
삼성증권,e=016360,KSE  코스피 증권,FICS  증권,"81,800",+11.44,+19.59,+33.01,+73.67,134.38,"83,300"," 42,050","10,068","82,018","3,500",4.32,0.53,8.05
아모레퍼시픽,e=090430,KSE  코스피 화학,FICS  개인생활용품,"124,300",+3.50,+5.16,-9.47,+18.27,-7.93,"145,700"," 99,500","8,591","76,206","1,125",12.20,1.38,1.07
한진칼,e=180640,KSE  코스피 금융,FICS  항공운수,"108,500",+8.18,-0.64,-27.52,+42.76,174.34,"155,000"," 72,200","7,385","47,680",360,10.21,1.58,0.48
LG이노텍,e=011070,KSE  코스피 전기·전자,FICS  전자 장비 및 기기,"284,500",+21.32,+66.86,+90.43,+75.18,-0.52,"284,500"," 122,000","18,983","226,229","2,090",8.53,0.72,1.29
카카오페이,e=377300,KSE  코스피 금융,FICS  소비자 금융,"48,500",-4.53,-5.64,+27.30,+69.58,-21.27,"93,800"," 25,250",-102,"13,824",,N/A,1.90,
LG유플러스,e=032640,KSE  코스피 통신,FICS  무선통신,"15,300",+2.20,+6.47,+19.07,+37.22,31.33,"16,210"," 9,870",858,"19,825",650,12.04,0.52,6.29
LG디스플레이,e=034220,KSE  코스피 전기·전자,FICS  디스플레이 및 관련부품,"13,270",-5.28,+10.68,+56.12,+44.87,2.92,"15,620"," 7,220","-5,385","13,085",,N/A,0.70,
코웨이,e=021240,KSE  코스피 일반서비스,FICS  내구소비재,"87,900",-2.12,-14.24,-4.77,+21.41,55.30,"113,200"," 64,100","7,664","44,532","2,630",8.73,1.50,3.93
한화,e=000880,KSE  코스피 화학,FICS  복합 산업,"82,300",-7.22,-4.41,-9.26,+199.82,197.11,"108,800"," 26,300","7,916","114,712",800,3.40,0.23,2.97
삼성카드,e=029780,KSE  코스피 금융,FICS  소비자 금융,"54,200",+9.16,+7.11,+22.35,+29.67,67.28,"58,400"," 38,400","5,736","76,732","2,800",6.88,0.51,7.10
LS,e=006260,KSE  코스피 금융,FICS  전기장비,"188,500",-8.50,+5.37,+4.43,+106.01,176.80,"222,500"," 85,700","7,371","145,911","1,650",12.79,0.65,1.75
두산밥캣,e=241560,KSE  코스피 기계·장비,FICS  기계,"59,800",-0.17,+11.36,+25.10,+37.79,72.83,"65,900"," 41,000","5,620","69,467","1,600",7.46,0.60,3.82
CJ,e=001040,KSE  코스피 금융,FICS  복합 산업,"189,100",+16.01,+7.69,+23.43,+98.01,149.47,"205,500"," 90,500","2,817","157,224","3,000",35.18,0.63,3.03
한미약품,e=128940,KSE  코스피 제약,FICS  제약,"426,000",-7.19,+39.44,+45.14,+61.06,73.38,"483,000"," 215,000","9,470","88,067","1,250",29.62,3.19,0.45
GS,e=078930,KSE  코스피 금융,FICS  석유 및 가스,"58,400",+22.30,+28.49,+28.21,+44.20,28.92,"61,600"," 34,900","5,988","148,654","2,700",6.56,0.26,6.87
두산로보틱스,e=454910,KSE  코스피 기계·장비,FICS  기계,"80,800",-0.74,+31.38,+60.64,+29.90,,"92,100"," 40,300",-564,"6,210",,N/A,8.42,
엘앤에프,e=066970,KSE  코스피 전기·전자,FICS  전자 장비 및 기기,"123,400",-1.75,+96.81,+117.25,+29.62,-40.18,"147,000"," 47,800","-10,416","19,859",,N/A,4.08,
삼성E&A,e=028050,KSE  코스피 일반서비스,FICS  건설,"25,950",+0.39,-8.14,+16.37,+47.11,11.13,"30,300"," 16,310","3,862","21,591",660,4.29,0.77,3.99
BNK금융지주,e=138930,KSE  코스피 금융,FICS  상업은행,"15,710",+8.72,+8.42,+40.64,+40.77,118.19,"15,950"," 9,300","2,266","33,451",650,4.56,0.31,6.29
JB금융지주,e=175330,KSE  코스피 금융,FICS  상업은행,"25,100",+11.06,+6.58,+31.00,+37.38,203.51,"25,550"," 15,700","3,469","28,889",995,4.69,0.56,6.11
한화솔루션,e=009830,KSE  코스피 화학,FICS  에너지 시설 및 서비스,"27,850",-3.13,-2.96,-10.02,+72.45,-53.40,"39,050"," 14,860","-8,050","54,793",300,N/A,0.29,1.86
산일전기,e=062040,KSE  코스피 전기·전자,FICS  전기장비,"149,100",-8.13,+39.74,+124.89,+145.63,,"168,700"," 44,500","3,222","14,263",420,21.29,4.81,0.61
에코프로머티,e=450080,KSE  코스피 전기·전자,FICS  전자 장비 및 기기,"60,000",-3.23,+20.48,+29.31,-20.32,,"100,900"," 41,050",-618,"10,577",,N/A,6.22,
엔씨소프트,e=036570,KSE  코스피 IT 서비스,FICS  게임 소프트웨어,"212,000",-1.17,+7.07,+22.61,+2.91,-53.91,"242,000"," 135,800","4,291","175,362","1,460",42.67,1.04,0.80
포스코DX,e=022100,KSE  코스피 일반서비스,FICS  IT 서비스,"26,400",-4.86,+20.82,+17.07,+33.13,291.11,"29,750"," 17,850",579,"3,448",125,32.95,5.53,0.66
대한전선,e=001440,KSE  코스피 전기·전자,FICS  전기장비,"23,250",-11.60,+52.96,+70.20,+111.17,56.06,"27,100"," 10,000",401,"7,926",,27.83,1.41,
넷마블,e=251270,KSE  코스피 IT 서비스,FICS  게임 소프트웨어,"50,700",-6.63,-16.61,-9.30,-8.15,6.85,"68,000"," 37,500",298,"67,728",417,173.31,0.76,0.81
SKC,e=011790,KSE  코스피 화학,FICS  화학,"110,000",-12.84,+12.59,+15.30,+12.13,2.80,"174,500"," 86,000","-11,711","37,559",,N/A,2.80,
현대제철,e=004020,KSE  코스피 금속,FICS  금속 및 광물,"31,500",+1.12,-9.48,+11.90,+52.54,-2.93,"37,600"," 19,900",-87,"142,610",750,N/A,0.15,3.56
SK바이오사이언스,e=302440,KSE  코스피 제약,FICS  제약,"54,000",-6.09,+7.78,+17.01,+14.53,-34.70,"60,100"," 35,850",-698,"23,007",,N/A,2.19,
LG생활건강,e=051900,KSE  코스피 화학,FICS  개인생활용품,"272,500",-4.72,-8.09,-19.97,-16.02,-60.68,"349,500"," 271,500","10,675","318,161","3,500",28.57,0.96,1.15
오리온,e=271560,KSE  코스피 음식료·담배,FICS  식료품,"104,100",+2.26,-3.97,-7.30,+0.29,-9.87,"126,900"," 97,100","13,269","87,814","2,500",7.72,1.17,2.44
영원무역,e=111770,KSE  코스피 유통,FICS  섬유 및 의복,"90,500",+57.94,+51.34,+49.34,+116.25,96.31,"94,000"," 39,800","9,637","84,486","1,400",4.40,0.50,3.30
한국가스공사,e=036460,KSE  코스피 전기·가스,FICS  가스,"42,400",+3.04,+7.89,+5.08,+22.37,26.00,"47,350"," 30,050","12,422","118,591","1,455",2.79,0.29,4.19
KCC,e=002380,KSE  코스피 화학,FICS  건축자재,"429,000",+5.80,+5.93,+30.99,+86.12,85.71,"453,000"," 216,500","34,948","601,382","10,000",6.74,0.39,4.25
강원랜드,e=035250,KSE  코스피 오락·문화,FICS  호텔 및 레저,"17,920",+7.43,+0.67,+4.07,+4.98,-28.03,"20,550"," 14,920","2,136","19,154","1,170",7.48,0.83,7.33
한전기술,e=052690,KSE  코스피 일반서비스,FICS  에너지 시설 및 서비스,"100,100",+4.60,+10.12,+36.75,+74.39,75.92,"115,000"," 49,800","1,531","15,379",999,34.62,3.45,1.88
한화엔진,e=082740,KSE  코스피 기계·장비,FICS  조선,"43,100",-5.27,-5.48,+53.11,+184.68,492.85,"51,300"," 14,210",971,"4,715",,19.00,3.91,
현대엘리베이터,e=017800,KSE  코스피 기계·장비,FICS  기계,"91,900",+27.82,+16.77,+14.02,+75.38,208.39,"92,300"," 48,100","4,686","35,390","5,500",11.18,1.48,10.50
CJ제일제당,e=097950,KSE  코스피 음식료·담배,FICS  식료품,"213,000",-5.33,-8.39,-10.88,-19.62,-42.82,"272,000"," 209,000","9,046","486,140","6,000",28.25,0.53,2.35
금호석유화학,e=011780,KSE  코스피 화학,FICS  화학,"119,100",+6.43,+10.48,+1.10,+28.06,-16.13,"130,300"," 87,800","11,321","199,918","2,200",8.00,0.45,2.43
롯데케미칼,e=011170,KSE  코스피 화학,FICS  화학,"72,900",+4.29,+14.62,+19.31,+21.10,-59.61,"87,000"," 53,400","-39,988","335,527","2,000",N/A,0.18,3.34
롯데지주,e=004990,KSE  코스피 금융,FICS  복합 산업,"28,100",-0.88,-5.86,-9.21,+37.07,-13.94,"35,200"," 19,820","-9,637","77,357","1,200",N/A,0.28,5.50
풍산,e=103140,KSE  코스피 금속,FICS  금속 및 광물,"102,700",-1.06,-13.11,+58.24,+102.56,233.44,"165,000"," 46,150","8,423","79,286","2,600",5.93,0.63,5.21
에스원,e=012750,KSE  코스피 일반서비스,FICS  상업서비스,"76,600",+3.37,-5.08,+10.22,+26.19,20.25,"86,200"," 56,600","4,651","47,801","2,700",12.73,1.24,4.56
DB하이텍,e=000990,KSE  코스피 전기·전자,FICS  반도체 및 관련장비,"64,800",+15.71,+44.64,+47.11,+104.09,54.47,"71,500"," 29,200","5,155","46,967","1,230",6.43,0.71,3.71
HD현대인프라코어,e=042670,KSE  코스피 기계·장비,FICS  기계,"14,920",+6.95,-1.91,+58.72,+114.99,82.62,"17,390"," 6,640",550,"9,605",70,12.52,0.72,1.02
더존비즈온,e=012510,KSE  코스피 IT 서비스,FICS  일반 소프트웨어,"95,000",+0.85,+12.96,+58.33,+39.71,155.03,"96,300"," 50,500","1,867","19,787",477,34.12,3.22,0.75
HD현대마린엔진,e=071970,KSE  코스피 기계·장비,FICS  조선,"83,100",-4.04,-8.68,+86.74,+352.37,"1,589.02","100,900"," 17,170","2,459","9,120",,9.94,2.68,
F&F,e=383220,KSE  코스피 섬유·의류,FICS  섬유 및 의복,"72,600",+22.02,+5.07,-5.35,+42.91,-53.76,"82,700"," 47,300","9,408","42,153","1,700",5.77,1.29,3.13
HL만도,e=204320,KSE  코스피 운송장비·부품,FICS  자동차부품,"59,200",+63.76,+67.94,+74.63,+57.87,29.82,"59,200"," 32,650","2,767","53,635",700,14.69,0.76,1.72
동서,e=026960,KSE  코스피 유통,FICS  식료품,"27,600",+3.56,+0.36,+1.85,-5.64,30.81,"31,700"," 22,800","1,577","17,151",890,17.34,1.59,3.25
미스토홀딩스,e=081660,KSE  코스피 유통,FICS  섬유 및 의복,"44,550",+16.78,+10.14,+25.67,+11.65,33.38,"45,050"," 33,200","1,398","34,646","1,200",28.83,1.16,2.98
한국앤컴퍼니,e=000240,KSE  코스피 금융,FICS  자동차부품,"28,150",+23.46,+16.80,+49.73,+68.87,99.65,"29,850"," 13,600","3,694","46,939","1,000",4.58,0.36,5.91
한솔케미칼,e=014680,KSE  코스피 화학,FICS  화학,"231,500",+4.99,+36.74,+66.19,+132.66,14.04,"248,000"," 88,000","10,823","88,603","2,100",8.96,1.09,2.16
제일기획,e=030000,KSE  코스피 일반서비스,FICS  미디어,"22,800",+12.32,+15.74,+22.45,+26.25,-2.56,"22,900"," 16,830","1,804","15,132","1,230",9.40,1.12,7.26
한화생명,e=088350,KSE  코스피 보험,FICS  보험,"3,085",+2.66,-0.80,-3.14,+22.66,30.44,"4,240"," 2,400",849,"14,644",,2.90,0.17,
농심,e=004370,KSE  코스피 음식료·담배,FICS  식료품,"431,500",-0.80,+1.77,+2.62,+26.91,30.96,"522,000"," 327,500","25,861","452,565","5,000",14.46,0.83,1.34
현대해상,e=001450,KSE  코스피 보험,FICS  보험,"30,250",+10.40,+8.62,+21.00,+17.02,5.03,"30,600"," 19,960","9,514","53,815",,2.60,0.46,
영원무역홀딩스,e=009970,KSE  코스피 금융,FICS  섬유 및 의복,"187,700",+37.41,+42.52,+49.92,+122.13,218.68,"187,700"," 79,900","24,492","199,473","5,350",3.40,0.42,6.43
일진전기,e=103590,KSE  코스피 전기·전자,FICS  전기장비,"55,000",-10.71,+51.72,+85.81,+142.83,"1,034.02","65,500"," 20,050",983,"10,493",300,27.71,2.60,1.10
한온시스템,e=018880,KSE  코스피 기계·장비,FICS  자동차부품,"3,785",-9.51,+17.01,+31.14,+3.87,-52.04,"4,434"," 2,775",-676,"4,206",,N/A,0.95,
한미사이언스,e=008930,KSE  코스피 금융,FICS  제약,"36,950",-7.63,-5.98,-0.27,+23.17,20.63,"51,900"," 25,000",864,"12,503",300,34.11,2.36,1.02
한올바이오파마,e=009420,KSE  코스피 제약,FICS  제약,"51,100",+15.09,+59.94,+103.59,+44.35,245.27,"56,000"," 24,250",-35,"3,464",,N/A,11.16,
SK아이이테크놀로지,e=361610,KSE  코스피 전기·전자,FICS  전자 장비 및 기기,"29,150",-2.67,+5.81,+30.43,+20.70,-54.45,"34,300"," 19,400","-3,459","32,604",,N/A,0.69,
한전KPS,e=051600,KSE  코스피 건설,FICS  전력,"54,700",+10.73,+6.42,+23.06,+24.74,64.26,"63,300"," 38,200","3,832","29,520","2,469",11.51,1.49,5.60
대덕전자,e=353200,KSE  코스피 전기·전자,FICS  전자 장비 및 기기,"48,200",+11.57,+105.98,+208.78,+238.96,124.19,"52,900"," 12,870",461,"16,996",400,33.60,0.91,2.58
신세계,e=004170,KSE  코스피 유통,FICS  백화점,"242,000",+36.65,+42.44,+39.88,+85.44,4.99,"248,500"," 125,900","10,948","452,779","4,500",12.15,0.29,3.38
iM금융지주,e=139130,KSE  코스피 금융,FICS  상업은행,"14,630",+9.02,+7.65,+28.79,+65.69,90.74,"15,510"," 8,170","1,270","35,538",500,6.44,0.23,6.11
신영증권,e=001720,KSE  코스피 증권,FICS  증권,"144,000",+2.49,+5.03,+19.01,+88.98,149.57,"166,700"," 71,500","6,607","117,919","4,500",11.37,0.64,5.99
효성,e=004800,KSE  코스피 금융,FICS  복합 산업,"136,700",+2.94,+61.78,+103.42,+200.11,136.92,"164,300"," 44,300","24,073","128,840","3,000",1.95,0.36,6.40
시프트업,e=462870,KSE  코스피 IT 서비스,FICS  게임 소프트웨어,"38,500",+0.79,-9.09,-23.76,-32.57,,"68,800"," 35,650","2,718","13,104",,23.33,4.84,
이마트,e=139480,KSE  코스피 유통,FICS  도소매,"82,300",+15.59,+5.51,-5.18,+28.79,-16.45,"99,400"," 60,800","-21,166","377,932","2,000",N/A,0.17,3.15
SK가스,e=018670,KSE  코스피 유통,FICS  석유 및 가스,"238,500",-7.74,-3.83,+10.67,+13.84,97.93,"296,000"," 196,200","19,375","296,461","8,000",10.68,0.70,3.86
팬오션,e=028670,KSE  코스피 운송·창고,FICS  해상운수,"4,280",+17.42,+7.67,+16.15,+27.76,-21.90,"4,380"," 3,065",502,"10,576",120,6.58,0.31,3.64
아모레퍼시픽홀딩스,e=002790,KSE  코스피 화학,FICS  개인생활용품,"27,950",+12.47,+3.52,-0.18,+28.80,-14.79,"33,900"," 18,930","2,626","36,717",330,7.92,0.57,1.59
코리안리,e=003690,KSE  코스피 보험,FICS  보험,"11,260",+5.14,+3.21,+16.68,+42.71,113.18,"11,980"," 7,360","1,625","18,411",515,4.89,0.43,6.48
CJ대한통운,e=000120,KSE  코스피 운송·창고,FICS  육상운수,"97,500",+21.88,+16.77,+15.38,+19.63,15.52,"100,500"," 77,600","10,893","185,424",800,7.75,0.46,0.95
에스엘,e=005850,KSE  코스피 운송장비·부품,FICS  자동차부품,"45,650",+35.26,+35.46,+44.69,+52.93,73.57,"45,650"," 27,200","7,930","49,612","1,200",3.80,0.61,3.98
한화비전,e=489790,KSE  코스피 전기·전자,FICS  보안장비,"41,550",-10.65,-27.99,-20.25,+12.30,,"69,300"," 28,700",210,"16,376",,150.57,1.93,
두산퓨얼셀,e=336260,KSE  코스피 전기·전자,FICS  전자 장비 및 기기,"34,900",-15.39,+39.32,+91.23,+114.37,8.05,"43,900"," 12,770",-128,"6,099",,N/A,2.62,
대웅제약,e=069620,KSE  코스피 제약,FICS  제약,"183,400",+30.44,+27.10,+14.20,+50.33,20.66,"183,400"," 113,000","2,135","68,829",600,59.21,1.84,0.47
롯데쇼핑,e=023530,KSE  코스피 유통,FICS  도소매,"74,200",+15.76,+10.91,-4.99,+32.50,-18.01,"83,100"," 52,300","-34,219","548,195","3,800",N/A,0.10,7.02
현대백화점,e=069960,KSE  코스피 유통,FICS  백화점,"94,200",+13.49,+24.27,+33.05,+98.73,54.93,"98,500"," 45,350","-1,543","198,360","1,400",N/A,0.24,2.96
롯데에너지머티리얼즈,e=020150,KSE  코스피 전기·전자,FICS  전자 장비 및 기기,"40,150",+57.45,+64.89,+79.64,+74.19,-32.97,"42,800"," 19,730",137,"28,922",,172.76,0.82,
HJ중공업,e=097230,KSE  코스피 건설,FICS  건설,"22,100",-12.48,-19.93,+199.05,+496.49,424.32,"33,350"," 3,220",64,"4,141",,92.42,1.43,
BGF리테일,e=282330,KSE  코스피 유통,FICS  도소매,"110,900",+8.20,+0.18,-0.54,+10.35,-45.90,"129,800"," 99,000","11,295","68,611","4,100",9.07,1.49,4.00
GS리테일,e=007070,KSE  코스피 유통,FICS  도소매,"22,400",+24.93,+35.59,+44.14,+13.13,-11.97,"22,850"," 13,550",25,"38,589",500,666.89,0.43,3.03
코스맥스,e=192820,KSE  코스피 화학,FICS  개인생활용품,"165,200",-15.54,-22.80,-26.41,+17.25,155.33,"282,000"," 130,600","7,560","41,737","2,300",19.72,3.57,1.54
OCI홀딩스,e=010060,KSE  코스피 금융,FICS  화학,"100,800",-12.50,+9.57,+30.91,+71.43,36.98,"128,600"," 54,900","5,005","209,224","2,200",11.75,0.28,3.74
씨에스윈드,e=112610,KSE  코스피 금속,FICS  에너지 시설 및 서비스,"44,050",+1.26,+3.53,-11.63,+12.23,-38.05,"51,700"," 30,450","3,374","28,237","1,000",12.42,1.48,2.39
현대위아,e=011210,KSE  코스피 운송장비·부품,FICS  자동차부품,"66,800",+20.58,+26.76,+54.45,+73.73,17.40,"67,200"," 37,050","4,429","135,900","1,100",8.54,0.28,2.91
동원산업,e=006040,KSE  코스피 금융,FICS  식료품,"42,700",-7.48,-5.11,-7.38,+27.60,-2.88,"52,700"," 31,417","1,732","70,567","1,000",21.33,0.52,2.71
롯데관광개발,e=032350,KSE  코스피 일반서비스,FICS  호텔 및 레저,"21,350",+25.07,+32.77,+63.10,+160.68,70.80,"22,400"," 7,560","-1,530","4,156",,N/A,1.84,
호텔신라,e=008770,KSE  코스피 유통,FICS  도소매,"46,750",+3.31,-2.40,-3.21,+23.35,-41.05,"56,400"," 35,900","-1,538","34,720",,N/A,1.06,
이수스페셜티케미컬,e=457190,KSE  코스피 화학,FICS  화학,"51,500",-2.46,+16.52,+24.10,+65.59,,"64,000"," 29,100",355,"4,220",,88.71,7.45,
코스모신소재,e=005070,KSE  코스피 화학,FICS  화학,"50,600",-4.17,+22.96,+39.20,-14.38,-13.77,"61,200"," 29,700",543,"15,248",,94.87,3.38,
금호타이어,e=073240,KSE  코스피 화학,FICS  자동차부품,"6,240",+31.78,+27.48,+39.91,+32.48,110.10,"6,340"," 4,105","1,131","5,990",,4.22,0.80,
아시아나항공,e=020560,KSE  코스피 운송·창고,FICS  항공운수,"8,170",-3.20,-14.54,-18.05,-20.21,-38.80,"11,090"," 8,160","-5,138","4,349",,N/A,2.39,
SK리츠,e=395400,KSE  코스피 부동산,FICS  부동산,"5,550",+5.51,+9.04,+15.38,+22.92,9.32,"5,550"," 4,365",4,"4,339",66,,1.02,1.49
GS건설,e=006360,KSE  코스피 건설,FICS  건설,"20,350",+12.00,+8.59,-13.40,+8.24,-11.33,"24,150"," 15,340","2,869","52,003",300,6.05,0.33,1.73
HD현대건설기계,e=267270,KSE  코스피 기계·장비,FICS  기계,"96,200",+2.45,+3.66,+39.02,+64.16,65.29,"114,900"," 56,400","5,277","92,774",500,11.05,0.63,0.86
다우기술,e=023590,KSE  코스피 IT 서비스,FICS  증권,"37,350",-7.66,+10.01,+36.07,+107.27,92.03,"41,550"," 17,120","7,931","64,602","1,400",2.25,0.28,7.83
DN오토모티브,e=007340,KSE  코스피 전기·전자,FICS  자동차부품,"27,900",+19.74,+10.71,+22.10,+53.63,97.30,"31,100"," 17,290","5,383","30,093","1,000",3.41,0.61,5.46
미래에셋생명,e=085620,KSE  코스피 보험,FICS  보험,"9,230",+5.37,+19.40,+41.78,+75.48,223.29,"10,050"," 4,310",687,"14,812",,7.67,0.36,
파라다이스,e=034230,KSE  코스피 오락·문화,FICS  호텔 및 레저,"17,460",+2.34,-15.65,+29.53,+74.77,-1.36,"23,650"," 9,410",823,"18,092",150,11.66,0.53,1.56
DL이앤씨,e=375500,KSE  코스피 건설,FICS  건설,"41,350",+3.63,-4.39,-15.44,+26.26,6.30,"58,200"," 30,350","5,347","113,286",540,6.01,0.28,1.68
SNT다이내믹스,e=003570,KSE  코스피 운송장비·부품,FICS  자동차부품,"43,000",-14.51,-24.96,-10.51,+133.95,359.40,"74,600"," 16,370","2,891","26,304","1,300",6.47,0.71,6.95
오뚜기,e=007310,KSE  코스피 음식료·담배,FICS  식료품,"390,000",+1.17,-1.27,-2.86,-2.01,-12.95,"433,000"," 378,500","34,108","595,294","9,000",11.60,0.66,2.28
녹십자,e=006280,KSE  코스피 제약,FICS  제약,"135,400",+2.89,+3.36,+0.82,-11.21,6.20,"179,500"," 112,800","-2,249","110,242","1,500",N/A,1.63,0.84
한국콜마,e=161890,KSE  코스피 화학,FICS  개인생활용품,"65,500",-12.08,-13.59,-22.94,+24.76,53.94,"109,200"," 49,800","3,830","33,579",720,14.39,1.64,1.31
대우건설,e=047040,KSE  코스피 건설,FICS  건설,"3,840",+13.27,+1.86,-15.33,+12.28,-18.04,"4,610"," 2,970",563,"10,569",,5.51,0.29,
한국카본,e=017960,KSE  코스피 금속,FICS  화학,"28,150",-15.08,-15.08,+25.39,+174.10,135.56,"38,800"," 9,410",391,"9,660",130,30.01,1.22,1.11
STX엔진,e=077970,KSE  코스피 기계·장비,FICS  조선,"35,050",+4.94,-23.80,+48.52,+94.72,164.53,"47,550"," 15,750",984,"10,005",,20.43,2.01,
대신증권,e=003540,KSE  코스피 증권,FICS  증권,"28,300",+1.80,+5.01,+16.70,+72.25,95.17,"31,650"," 15,670","1,608","38,905","1,200",10.00,0.41,7.47
대웅,e=003090,KSE  코스피 제약,FICS  제약,"24,300",+11.98,-0.41,-11.80,+18.83,12.50,"28,050"," 17,770",996,"18,447",200,21.70,1.17,0.93
영풍,e=000670,KSE  코스피 금속,FICS  휴대폰 및 관련부품,"67,400",+37.83,+72.82,+55.66,+49.16,-2.27,"491,000"," 34,300","-13,195","188,730",5,N/A,0.20,0.01
한일시멘트,e=300720,KSE  코스피 비금속,FICS  건축소재,"18,380",+6.06,-5.98,-2.49,+27.20,47.63,"21,300"," 13,430","2,657","24,826","1,000",5.46,0.58,6.89
하이트진로,e=000080,KSE  코스피 음식료·담배,FICS  음료,"18,940",+1.66,-0.79,-6.70,-7.38,-26.59,"22,000"," 18,580","1,345","16,889",700,14.51,1.16,3.59
HDC현대산업개발,e=294870,KSE  코스피 건설,FICS  건설,"20,300",+8.04,-0.73,-15.77,+7.07,86.24,"27,100"," 16,100","2,363","47,572",700,7.64,0.38,3.88
현대지에프홀딩스,e=005440,KSE  코스피 금융,FICS  복합 산업,"8,380",+11.44,+8.97,+7.30,+61.46,87.68,"10,440"," 4,695","4,483","21,615",210,1.09,0.23,4.30
오리온홀딩스,e=001800,KSE  코스피 금융,FICS  식료품,"20,450",+9.42,-0.73,-4.88,+30.84,29.84,"25,600"," 14,730","2,564","38,030",800,5.87,0.40,5.31
지역난방공사,e=071320,KSE  코스피 전기·가스,FICS  전력,"110,200",+16.37,+37.75,+36.05,+110.71,297.83,"112,200"," 39,550","18,151","195,798","3,879",2.28,0.21,9.37
LX인터내셔널,e=001120,KSE  코스피 유통,FICS  무역,"32,300",+9.12,+8.39,+13.53,+15.36,-17.60,"34,100"," 23,900","4,533","69,684","2,000",5.97,0.39,7.39
SK케미칼,e=285130,KSE  코스피 화학,FICS  화학,"71,500",+5.93,+18.18,+16.83,+72.50,-15.98,"79,800"," 33,800",456,"114,079","1,150",97.08,0.39,2.60
가온전선,e=000500,KSE  코스피 전기·전자,FICS  전기장비,"76,700",-8.80,+31.34,+7.27,+64.42,350.65,"93,200"," 35,100","3,244","46,022",,16.71,1.18,
롯데정밀화학,e=004000,KSE  코스피 화학,FICS  화학,"47,000",+3.64,+5.26,+23.36,+38.64,-20.61,"49,400"," 30,700","1,410","92,173","1,400",27.91,0.43,3.56
롯데칠성,e=005300,KSE  코스피 음식료·담배,FICS  음료,"133,100",+10.00,+12.32,+13.96,+12.32,-16.55,"142,500"," 100,600","5,878","149,082","3,400",19.05,0.75,3.04
롯데리츠,e=330590,KSE  코스피 부동산,FICS  부동산,"4,150",+10.52,+5.06,+11.56,+37.87,4.17,"4,150"," 2,890",,,,,,
종근당,e=185750,KSE  코스피 제약,FICS  제약,"87,000",+2.35,+7.14,+1.75,+0.30,17.73,"96,500"," 71,200","7,902","69,415","1,048",11.26,1.28,1.18
코오롱인더,e=120110,KSE  코스피 화학,FICS  화학,"44,900",+30.14,+17.69,+36.89,+68.48,2.51,"46,300"," 25,800","3,256","120,397","1,300",8.34,0.23,4.79
롯데렌탈,e=089860,KSE  코스피 일반서비스,FICS  호텔 및 레저,"32,000",+9.97,+9.22,-1.99,-3.61,13.07,"35,050"," 26,400","2,917","40,683","1,200",10.27,0.74,4.01
더블유게임즈,e=192080,KSE  코스피 IT 서비스,FICS  게임 소프트웨어,"54,400",+10.01,+3.03,+8.37,+2.84,28.86,"62,100"," 45,950","8,708","55,622","1,200",6.19,0.97,2.23
SK오션플랜트,e=100090,KSE  코스피 금속,FICS  에너지 시설 및 서비스,"18,010",-12.15,-29.65,-9.50,+44.89,-17.76,"30,300"," 11,630",277,"11,974",,46.48,1.07,
SK디스커버리,e=006120,KSE  코스피 금융,FICS  석유 및 가스,"61,800",+8.04,+18.39,+19.77,+63.49,96.19,"68,200"," 34,550","1,248","142,220","1,700",31.10,0.27,4.38
세아베스틸지주,e=001430,KSE  코스피 금속,FICS  금속 및 광물,"28,100",+2.93,+2.74,+21.12,+40.15,45.60,"34,350"," 15,140",564,"54,089","1,200",35.02,0.37,6.07
롯데웰푸드,e=280360,KSE  코스피 음식료·담배,FICS  식료품,"121,700",+4.20,+7.99,-0.16,+9.34,-3.41,"126,600"," 99,900","8,969","228,737","3,300",12.44,0.49,2.96
에스디바이오센서,e=137310,KSE  코스피 의료·정밀기기,FICS  의료 장비 및 서비스,"9,430",-1.87,-7.00,-18.57,-16.03,-71.12,"12,510"," 8,410",-791,"24,434",200,N/A,0.42,1.95
LS에코에너지,e=229640,KSE  코스피 금융,FICS  전기장비,"36,900",-17.26,-5.63,+11.99,+40.30,361.25,"50,800"," 25,700","1,020","6,056",200,30.39,5.12,0.65
한샘,e=009240,KSE  코스피 유통,FICS  내구소비재,"46,850",+3.88,+10.63,+3.54,-12.27,-0.95,"54,000"," 36,500","6,422","26,347","8,530",7.40,1.80,17.94
교보증권,e=030610,KSE  코스피 증권,FICS  증권,"9,650",+6.04,+11.95,+24.04,+73.56,68.41,"10,670"," 5,330","1,033","17,476",500,5.38,0.32,8.99
HDC,e=012630,KSE  코스피 금융,FICS  건설,"18,300",+0.66,-10.07,-14.08,+54.30,213.89,"24,800"," 11,240","2,450","46,828",350,4.86,0.25,2.94
동양생명,e=082640,KSE  코스피 보험,FICS  보험,"6,610",-0.45,-11.28,+7.31,+19.96,21.73,"8,710"," 4,425","1,948","12,559",,2.31,0.36,
ESR켄달스퀘어리츠,e=365550,KSE  코스피 부동산,FICS  부동산,"4,335",+0.23,-4.52,-0.46,-3.45,10.93,"5,012"," 4,075",43,"4,948",,,0.97,
쿠쿠홀딩스,e=192400,KSE  코스피 금융,FICS  내구소비재,"30,100",+9.65,-13.01,-1.95,+30.87,82.42,"34,750"," 21,700","3,861","34,986","1,200",5.96,0.66,5.22
SK네트웍스,e=001740,KSE  코스피 유통,FICS  복합 산업,"4,690",+1.96,+7.08,+10.61,+13.01,16.09,"4,880"," 3,855",214,"9,930",300,19.43,0.42,7.23
NHN,e=181710,KSE  코스피 IT 서비스,FICS  IT 서비스,"32,350",+9.85,+29.92,+47.38,+75.24,32.58,"33,950"," 17,260","-3,904","44,363",500,N/A,0.40,2.83
세진중공업,e=075580,KSE  코스피 운송장비·부품,FICS  조선,"17,910",-12.42,-7.20,+57.52,+143.34,213.11,"26,100"," 6,420",200,"3,303",200,42.27,2.56,2.37
한화투자증권,e=003530,KSE  코스피 증권,FICS  증권,"4,825",-4.83,-12.91,-0.72,+12.87,79.04,"7,260"," 2,950",177,"7,820",,18.95,0.43,
NICE평가정보,e=030190,KSE  코스피 IT 서비스,FICS  상업서비스,"16,830",+14.02,+8.23,+17.53,+40.37,27.50,"17,770"," 11,260","1,267","7,077",460,9.61,1.72,3.78
SNT모티브,e=064960,KSE  코스피 운송장비·부품,FICS  자동차부품,"36,900",+15.67,+1.93,+24.45,+59.08,44.18,"38,600"," 21,874","3,932","41,318",939,5.65,0.54,4.23
파미셀,e=005690,KSE  코스피 제약,FICS  바이오,"17,190",-5.03,+51.45,+43.97,+274.51,71.90,"19,270"," 5,170",105,"1,442",20,78.49,5.74,0.24
효성티앤씨,e=298020,KSE  코스피 화학,FICS  섬유 및 의복,"228,500",+12.56,+4.82,-7.86,+3.63,-35.09,"274,500"," 188,300","31,089","337,811","10,000",7.69,0.71,4.18
코오롱모빌리티그룹,e=450140,KSE  코스피 유통,FICS  자동차,"14,570",+38.76,+281.41,+553.36,+643.37,,"21,150"," 1,807",-191,"3,995",70,N/A,0.59,2.98
SNT홀딩스,e=036530,KSE  코스피 금융,FICS  자동차부품,"57,300",-1.04,-21.07,-0.17,+163.45,249.39,"88,200"," 21,300","8,767","77,393","1,600",2.57,0.29,7.11
세방전지,e=004490,KSE  코스피 전기·전자,FICS  자동차부품,"67,900",+10.05,+9.16,-0.88,+0.89,42.20,"85,100"," 58,100","12,101","107,493","1,100",5.94,0.67,1.53
코리아써키트,e=007810,KSE  코스피 전기·전자,FICS  전자 장비 및 기기,"39,000",+71.81,+203.98,+265.51,+369.31,188.89,"39,000"," 7,830","-4,601","13,848",,N/A,0.66,
CJCGV,e=079160,KSE  코스피 오락·문화,FICS  미디어,"5,510",+13.26,+14.79,+4.95,+2.04,-59.35,"6,570"," 4,330","-1,163","4,177",,N/A,1.27,
대한유화,e=006650,KSE  코스피 화학,FICS  화학,"143,900",+10.35,+17.76,+71.92,+94.20,-15.85,"158,700"," 68,700","-1,312","278,659","1,000",N/A,0.28,1.29
해성디에스,e=195870,KSE  코스피 전기·전자,FICS  반도체 및 관련장비,"52,800",-3.65,+135.19,+173.43,+137.30,33.17,"56,200"," 18,000","3,453","32,722",800,6.78,0.72,3.42
후성,e=093370,KSE  코스피 화학,FICS  화학,"8,120",-13.25,+47.10,+77.88,+60.79,-33.22,"9,990"," 3,830",-667,"3,044",,N/A,1.63,
GKL,e=114090,KSE  코스피 오락·문화,FICS  호텔 및 레저,"14,250",-3.39,-15.63,-0.90,+28.61,-20.39,"17,490"," 10,650",534,"6,686",282,20.66,1.65,2.55
HS효성첨단소재,e=298050,KSE  코스피 화학,FICS  화학,"198,900",+1.79,+2.90,-1.53,+10.19,-44.98,"231,000"," 156,600","11,124","233,588","6,500",15.70,0.75,3.72
일동제약,e=249420,KSE  코스피 제약,FICS  제약,"27,750",-2.29,+23.33,+118.50,+137.99,-18.98,"33,900"," 10,500",-163,"5,811",,N/A,2.03,
태광산업,e=003240,KSE  코스피 화학,FICS  화학,"807,000",+3.73,-6.27,-23.14,+33.39,11.46,"1,241,000"," 580,000","192,681","3,784,691","1,750",3.15,0.16,0.29
경동나비엔,e=009450,KSE  코스피 전기·전자,FICS  내구소비재,"58,900",-13.25,-25.82,-19.32,-24.87,64.53,"105,500"," 54,700","8,535","47,779",650,10.29,1.84,0.74
LX세미콘,e=108320,KSE  코스피 전기·전자,FICS  반도체 및 관련장비,"53,500",+2.88,+2.69,-13.85,-1.29,-37.13,"66,700"," 46,450","8,024","66,378","2,400",7.09,0.86,4.22
DL,e=000210,KSE  코스피 화학,FICS  화학,"40,050",+9.43,+4.30,-17.42,+20.63,-39.96,"54,300"," 28,150","3,947","181,531","1,000",8.01,0.17,3.16
SNT에너지,e=100840,KSE  코스피 기계·장비,FICS  에너지 시설 및 서비스,"43,900",-0.79,-27.44,+2.69,+154.79,467.84,"64,100"," 15,670","1,675","15,498",500,14.27,1.54,2.09
케이카,e=381970,KSE  코스피 유통,FICS  자동차,"16,680",+12.10,+3.73,+4.71,+28.80,26.36,"17,080"," 12,060",912,"4,686","1,150",14.04,2.73,8.98
솔루엠,e=248070,KSE  코스피 전기·전자,FICS  전자 장비 및 기기,"16,620",-9.82,-13.08,+9.99,-16.19,-3.93,"21,300"," 13,940",790,"9,471",,24.31,2.03,
케이씨텍,e=281820,KSE  코스피 의료·정밀기기,FICS  반도체 및 관련장비,"38,850",+4.86,+21.98,+50.87,+41.27,142.81,"45,150"," 23,000","2,526","24,538",270,10.31,1.06,1.04
동원시스템즈,e=014820,KSE  코스피 화학,FICS  용기 및 포장,"27,400",-2.32,-6.00,-14.77,-35.38,-43.04,"43,400"," 25,700","2,475","28,545",600,16.28,1.41,1.49
프레스티지바이오파마,e=950210,KSE,FICS  제약,"13,670",+10.78,-7.45,+3.01,-12.15,59.70,"19,910"," 11,130",371,"6,839",,39.62,2.15,
동아쏘시오홀딩스,e=000640,KSE  코스피 금융,FICS  제약,"121,000",+12.45,+9.60,+6.23,+24.06,24.56,"124,000"," 91,800","8,877","161,863","1,650",12.02,0.66,1.55
F&F홀딩스,e=007700,KSE  코스피 금융,FICS  섬유 및 의복,"20,300",+19.06,+1.00,+23.03,+64.24,-23.54,"23,500"," 11,190","2,734","56,573",450,4.41,0.21,3.73
신풍제약,e=019170,KSE  코스피 제약,FICS  제약,"14,770",+4.31,+17.97,+35.38,+36.76,-31.46,"17,830"," 6,650",-279,"4,812",,N/A,2.14,
율촌화학,e=008730,KSE  코스피 화학,FICS  용기 및 포장,"30,100",-6.96,-1.31,-8.51,+39.35,-10.81,"38,150"," 19,500",-344,"11,731",250,N/A,1.76,1.21
보령,e=003850,KSE  코스피 제약,FICS  제약,"9,030",+0.89,+5.12,+4.39,-9.43,-16.77,"10,810"," 7,750",980,"9,339",100,10.50,1.10,0.97
TKG휴켐스,e=069260,KSE  코스피 화학,FICS  화학,"18,670",+7.30,+6.20,+14.61,+1.74,-11.73,"19,030"," 14,380","1,900","22,488","1,000",8.98,0.76,5.87
하나투어,e=039130,KSE  코스피 일반서비스,FICS  호텔 및 레저,"49,450",+8.56,-4.54,-3.23,-13.40,-14.15,"58,500"," 45,550","5,079","13,022","2,300",10.69,4.17,4.24
아세아,e=002030,KSE  코스피 일반서비스,FICS  건축소재,"376,000",+9.30,+7.12,+30.33,+56.99,184.85,"396,500"," 228,000","29,335","564,755","5,330",8.57,0.45,2.12
넥센타이어,e=002350,KSE  코스피 화학,FICS  자동차부품,"7,810",+25.97,+29.52,+17.27,+22.80,10.94,"7,820"," 4,960","1,213","17,905",130,4.95,0.34,2.16
녹십자홀딩스,e=005250,KSE  코스피 일반서비스,FICS  제약,"16,350",+2.89,+6.93,+1.18,+5.76,-4.94,"17,750"," 12,080",485,"20,434",500,35.72,0.85,2.89
한화리츠,e=451800,KSE  코스피 부동산,FICS  부동산,"4,170",+5.30,+5.30,+10.32,+22.47,,"4,170"," 3,335",,,,,,
이노션,e=214320,KSE  코스피 일반서비스,FICS  미디어,"18,690",+10.40,+2.13,+1.80,-5.99,-10.04,"21,850"," 16,460","2,506","25,050","1,175",7.74,0.77,6.06
유안타증권,e=003470,KSE  코스피 증권,FICS  증권,"3,780",+2.86,+12.50,+8.62,+37.45,47.08,"4,540"," 2,490",344,"7,957",200,7.65,0.33,7.60
KG모빌리티,e=003620,KSE  코스피 운송장비·부품,FICS  자동차,"3,600",+0.98,+9.09,+4.80,-16.76,-74.41,"5,090"," 3,225",172,"7,233",,23.42,0.56,
대상,e=001680,KSE  코스피 음식료·담배,FICS  식료품,"21,400",+3.13,-4.46,-3.82,+7.00,0.47,"25,500"," 18,370","2,643","39,464",850,7.26,0.49,4.43
미원상사,e=002840,KSE  코스피 화학,FICS  화학,"154,000",+4.34,+0.85,-16.58,-21.07,-10.47,"200,000"," 139,300","10,642","88,144","2,000",17.67,2.13,1.06
빙그레,e=005180,KSE  코스피 음식료·담배,FICS  식료품,"74,100",+0.41,+3.35,-18.12,+3.20,80.29,"99,000"," 68,300","10,479","75,557","3,300",7.77,1.08,4.05
신한알파리츠,e=293940,KSE  코스피 부동산,FICS  부동산,"5,850",+7.54,+4.65,+2.99,+6.75,-11.40,"6,160"," 5,310",38,"5,218",,,1.08,
미원에스씨,e=268280,KSE  코스피 화학,FICS  화학,"138,700",+0.87,-1.07,-13.85,-2.80,-10.23,"166,900"," 132,800","10,913","84,935","2,500",13.71,1.76,1.67
한국단자,e=025540,KSE  코스피 전기·전자,FICS  자동차부품,"66,700",+10.25,+8.10,+7.75,+0.15,21.94,"84,700"," 57,900","13,654","103,622","2,200",4.90,0.65,3.29
전진건설로봇,e=079900,KSE  코스피 기계·장비,FICS  기계,"46,050",+3.60,-5.05,-5.64,+84.20,,"64,900"," 23,150","2,064","10,372","1,277",17.20,3.42,3.60
코스모화학,e=005420,KSE  코스피 화학,FICS  화학,"16,370",-10.94,+2.38,+12.59,+0.80,-21.34,"21,250"," 12,800","-1,684","5,976",,N/A,2.56,
현대홈쇼핑,e=057050,KSE  코스피 유통,FICS  온라인쇼핑,"55,000",+5.36,-0.54,-2.31,+21.41,3.58,"60,200"," 42,900","13,138","187,110","2,800",3.46,0.24,6.17
SK이터닉스,e=475150,KSE  코스피 건설,FICS  에너지 시설 및 서비스,"19,890",-0.55,-3.91,-2.98,+52.65,,"28,900"," 11,700",681,"7,193",,17.71,1.68,
디아이,e=003160,KSE  코스피 의료·정밀기기,FICS  반도체 및 관련장비,"22,350",-1.97,+65.80,+42.18,+92.67,318.54,"26,400"," 9,870",39,"5,657",100,374.11,2.56,0.69
금양,e=001570,KSE  코스피 화학,FICS  화학,"9,900",+0.00,+0.00,+0.00,-61.40,-66.94,"28,650"," 9,900","-2,379","7,659",,N/A,2.77,
HD현대에너지솔루션,e=322000,KSE  코스피 전기·전자,FICS  에너지 시설 및 서비스,"55,300",-14.26,+16.42,+8.43,+184.76,-5.31,"73,500"," 18,740",10,"33,007",,"1,980.59",0.61,
비에이치,e=090460,KSE  코스피 전기·전자,FICS  전자 장비 및 기기,"18,450",+10.15,-2.43,+49.03,+19.11,-25.45,"19,200"," 11,160","1,945","22,697",250,8.93,0.77,1.44
LX홀딩스,e=383800,KSE  코스피 금융,FICS  복합 산업,"8,220",+3.01,+3.40,-8.16,+17.93,-11.71,"10,080"," 5,950","2,062","24,055",290,3.33,0.29,4.23
카프로,e=006380,KSE  코스피 화학,FICS  화학,"3,660",+0.00,+0.00,+0.00,+0.00,-66.19,"3,660"," 3,660",287,522,,12.77,7.01,
코오롱,e=002020,KSE  코스피 금융,FICS  복합 산업,"51,100",+13.56,+12.18,+44.35,+272.99,116.53,"61,000"," 12,570","12,429","120,681",550,1.13,0.12,3.92
JW중외제약,e=001060,KSE  코스피 제약,FICS  제약,"26,000",+7.66,+16.85,+12.80,+11.83,42.53,"26,350"," 19,990","2,606","13,717",450,9.21,1.75,1.88
부국증권,e=001270,KSE  코스피 증권,FICS  증권,"59,900",-6.99,-7.99,+43.47,+130.38,207.97,"79,900"," 24,800","2,315","61,982","1,500",11.79,0.44,5.49
한화손해보험,e=000370,KSE  코스피 보험,FICS  보험,"5,320",+1.14,-2.56,+9.02,+27.88,29.60,"7,980"," 3,665","2,217","18,560",,1.82,0.22,
대한해운,e=005880,KSE  코스피 운송·창고,FICS  해상운수,"1,953",+8.02,+12.96,+23.84,+12.76,-6.78,"1,953"," 1,378",507,"6,289",,3.30,0.27,
제이알글로벌리츠,e=348950,KSE  코스피 부동산,FICS  부동산,"3,065",+5.69,+6.61,+12.07,+5.33,-30.34,"3,075"," 2,355",86,"4,166",,,0.63,
한국쉘석유,e=002960,KSE  코스피 화학,FICS  화학,"461,500",+7.08,+7.70,+12.70,+37.56,84.60,"487,000"," 308,000","28,196","97,904","27,000",11.30,3.25,8.48
세아제강지주,e=003030,KSE  코스피 금융,FICS  금속 및 광물,"144,500",+4.56,-17.99,-36.90,-16.86,-9.69,"278,000"," 132,700","10,340","483,418","1,800",17.46,0.37,1.00
솔루스첨단소재,e=336370,KSE  코스피 전기·전자,FICS  전자 장비 및 기기,"8,070",-11.42,+5.77,-10.53,-2.77,-54.08,"11,890"," 6,800",42,"8,495",10,197.17,0.97,0.12
E1,e=017940,KSE  코스피 유통,FICS  석유 및 가스,"85,500",+15.23,+13.10,+12.50,+20.42,76.29,"99,000"," 55,000","9,164","246,026","3,450",7.50,0.28,5.02
바이오노트,e=377740,KSE  코스피 제약,FICS  의료 장비 및 서비스,"5,640",+1.44,-0.53,+10.59,+22.74,,"6,210"," 4,185",541,"16,059",200,8.70,0.29,4.25
쿠쿠홈시스,e=284740,KSE  코스피 일반서비스,FICS  내구소비재,"25,450",+11.14,-6.09,-3.78,+25.99,-21.69,"31,150"," 18,940","5,456","42,010","1,000",3.78,0.49,4.84
신대양제지,e=016590,KSE  코스피 종이·목재,FICS  종이 및 목재,"14,490",+0.69,+34.29,+41.09,+163.45,70.07,"15,220"," 5,510",872,"16,262",200,6.57,0.35,3.49
아이에스동서,e=010780,KSE  코스피 비금속,FICS  건설,"19,290",+9.42,-1.58,-18.09,-7.04,-34.94,"24,400"," 15,960","-4,910","45,312","1,000",N/A,0.46,4.78
덴티움,e=145720,KSE  코스피 의료·정밀기기,FICS  의료 장비 및 서비스,"51,000",-8.93,-8.44,-21.78,-13.41,-43.14,"79,000"," 48,750","6,569","51,831",600,9.47,1.20,0.96
OCI,e=456040,KSE  코스피 화학,FICS  화학,"60,800",+2.70,+12.80,+4.65,+0.83,,"70,800"," 49,250","10,841","134,902","2,200",5.40,0.43,3.76
롯데손해보험,e=000400,KSE  코스피 보험,FICS  보험,"1,823",-0.98,+13.72,+7.62,-8.85,21.53,"2,130"," 1,528",78,"2,563",,25.82,0.79,
태영건설,e=009410,KSE  코스피 건설,FICS  건설,"1,850",+15.05,+2.66,-36.43,-27.31,-80.84,"3,310"," 1,518",230,"1,780",,10.50,1.35,
KG스틸,e=016380,KSE  코스피 금속,FICS  금속 및 광물,"5,540",+6.33,+5.12,-11.22,-7.67,-35.43,"6,990"," 5,190","1,333","19,749",250,4.15,0.28,4.52
풍산홀딩스,e=005810,KSE  코스피 금융,FICS  금속 및 광물,"37,650",+3.01,-6.69,+8.50,+50.00,101.68,"53,300"," 23,950","6,889","77,623","1,400",3.75,0.33,5.42
애경케미칼,e=161000,KSE  코스피 화학,FICS  화학,"10,870",+2.55,-0.09,-1.00,+51.39,13.11,"13,020"," 6,050",82,"15,232",281,83.46,0.45,4.11
LF,e=093050,KSE  코스피 섬유·의류,FICS  섬유 및 의복,"18,290",+4.10,-0.60,+3.68,+19.31,11.19,"21,850"," 13,770","2,581","54,553",700,6.01,0.28,4.52
일진하이솔루스,e=271940,KSE  코스피 운송장비·부품,FICS  자동차부품,"15,370",-15.87,-9.00,+8.24,-11.62,-53.91,"20,650"," 12,140",50,"8,743",,324.44,1.86,
퍼시스,e=016800,KSE  코스피 제조,FICS  내구소비재,"46,500",+4.97,+4.73,+5.68,+12.32,55.52,"48,850"," 39,000","4,150","56,030","1,200",9.83,0.73,2.94
천일고속,e=000650,KSE  코스피 운송·창고,FICS  육상운수,"413,000","+1,020.76",+907.32,+909.78,"+1,076.64",575.94,"413,000"," 34,000","-2,937","9,908",,N/A,3.63,
한세실업,e=105630,KSE  코스피 섬유·의류,FICS  섬유 및 의복,"13,230",+27.83,+40.74,+21.71,-5.90,-14.65,"14,530"," 9,090","1,451","18,100",500,9.77,0.78,3.53
삼양사,e=145990,KSE  코스피 음식료·담배,FICS  식료품,"52,000",+5.05,+7.44,-0.38,+4.63,28.71,"59,200"," 41,550","11,370","162,028","1,750",4.19,0.29,3.68
고려제강,e=002240,KSE  코스피 금속,FICS  금속 및 광물,"19,140",+6.63,+9.50,+6.87,+14.05,-12.42,"19,140"," 16,040","1,247","66,003",324,14.31,0.27,1.82
현대그린푸드,e=453340,KSE  코스피 유통,FICS  식료품,"15,590",-2.01,-2.50,-14.48,+11.36,,"18,280"," 13,360","2,185","19,995",335,6.61,0.72,2.32
삼천리,e=004690,KSE  코스피 전기·가스,FICS  가스,"127,800",+6.59,-0.70,-4.98,+44.24,-66.89,"172,000"," 84,700","24,999","404,363","3,000",3.55,0.22,3.38
동아에스티,e=170900,KSE  코스피 제약,FICS  제약,"56,000",+8.95,+25.56,+16.42,-5.63,-2.43,"60,325"," 41,200",-131,"72,910",686,N/A,0.79,1.19
한일홀딩스,e=003300,KSE  코스피 비금속,FICS  건축소재,"16,750",+5.48,-4.12,-10.67,+15.76,48.89,"19,400"," 13,460","3,852","52,884",930,3.63,0.26,6.64
현대차증권,e=001500,KSE  코스피 증권,FICS  증권,"8,290",+2.60,+6.15,+13.41,+22.13,-7.77,"10,580"," 5,220",877,"31,591",167,7.59,0.21,2.50
NICE,e=034310,KSE  코스피 일반서비스,FICS  IT 서비스,"13,690",-0.80,+2.09,+12.03,+23.67,4.11,"14,380"," 10,400","1,268","21,229",500,8.57,0.51,4.60
풀무원,e=017810,KSE  코스피 음식료·담배,FICS  식료품,"13,210",+1.93,-6.11,+2.40,+22.43,17.42,"18,310"," 10,140",929,"8,282",102,11.52,1.29,0.95
디아이씨,e=092200,KSE  코스피 운송장비·부품,FICS  자동차부품,"11,170",+59.80,+138.17,+137.91,+190.13,183.86,"11,170"," 3,335",366,"3,952",,10.06,0.93,
드림텍,e=192650,KSE  코스피 전기·전자,FICS  휴대폰 및 관련부품,"7,270",+2.68,+11.85,+18.40,-4.72,-25.05,"8,170"," 5,640",56,"6,115",200,128.72,1.19,2.75
엠씨넥스,e=097520,KSE  코스피 전기·전자,FICS  휴대폰 및 관련부품,"26,950",-9.87,-8.18,+0.37,+36.32,-2.71,"32,100"," 18,600","3,538","22,078",800,5.42,0.87,4.17
PI첨단소재,e=178920,KSE  코스피 화학,FICS  화학,"16,700",-4.41,-3.30,-2.68,+7.05,-48.38,"21,900"," 14,250",796,"11,507",350,21.22,1.47,2.07
신도리코,e=029530,KSE  코스피 전기·전자,FICS  사무기기,"48,000",+9.34,+7.74,-2.04,+28.34,38.33,"54,300"," 36,200","7,261","110,507","1,500",5.16,0.34,4.00
명신산업,e=009900,KSE  코스피 운송장비·부품,FICS  자동차부품,"9,240",+4.29,+6.33,+10.39,-16.46,-44.84,"11,450"," 7,240","2,460","13,293",150,4.19,0.78,1.45
세아홀딩스,e=058650,KSE  코스피 금속,FICS  금속 및 광물,"119,100",+5.40,-5.33,+13.75,+23.42,9.77,"142,300"," 89,100","8,315","551,988","4,000",11.50,0.17,4.18
삼양홀딩스,e=000070,KSE  코스피 금융,FICS  화학,"61,700",-11.60,+8.27,+5.67,+37.39,38.21,"70,601"," 35,834","3,188","238,712","3,500",13.71,0.18,8.01
제주은행,e=006220,KSE  코스피 은행,FICS  상업은행,"12,300",-3.07,-10.61,+27.99,+61.84,6.96,"19,190"," 6,960",324,"18,367",100,26.31,0.46,1.17
HL홀딩스,e=060980,KSE  코스피 금융,FICS  자동차부품,"53,000",+39.29,+31.35,+29.27,+51.43,60.61,"53,000"," 33,500","1,957","109,289","2,000",17.50,0.31,5.84
SPC삼립,e=005610,KSE  코스피 음식료·담배,FICS  식료품,"53,800",+6.96,-0.19,-1.82,+15.20,-23.14,"68,900"," 45,200","10,023","61,451","1,800",5.02,0.82,3.58
조광피혁,e=004700,KSE  코스피 섬유·의류,FICS  섬유 및 의복,"69,700",+6.41,+7.89,+15.59,+33.27,38.02,"84,500"," 50,500","1,896","84,592",,28.80,0.65,
DB증권,e=016610,KSE  코스피 증권,FICS  증권,"10,800",+9.31,+26.46,+36.71,+103.77,134.53,"10,960"," 5,150","1,180","24,536",400,4.38,0.21,7.74
유니드,e=014830,KSE  코스피 화학,FICS  화학,"67,100",+1.51,-10.41,-22.78,+7.70,-30.68,"97,600"," 59,000","11,265","150,250","1,800",6.42,0.48,2.49
스틱인베스트먼트,e=026890,KSE  코스피 금융,FICS  창업투자 및 종금,"10,490",-2.42,+1.65,-0.29,+19.89,78.10,"12,280"," 6,960",224,"6,516",250,38.60,1.32,2.90
제주항공,e=089590,KSE  코스피 운송·창고,FICS  항공운수,"5,400",+1.12,-17.56,-21.17,-39.46,-59.25,"8,990"," 5,250",270,"4,048",,27.82,1.85,
아세아시멘트,e=183190,KSE  코스피 비금속,FICS  건축소재,"12,130",+1.59,-9.00,-1.62,+16.63,20.10,"14,740"," 9,770","2,112","29,136",260,4.87,0.35,2.53
알테오젠,e=196170,KOSDAQ  코스닥 일반서비스,FICS  바이오,"456,500",-13.71,-4.00,+23.88,+46.78,"1,084.18","559,000"," 277,000","1,172","5,157",,264.19,60.02,
에코프로비엠,e=247540,KOSDAQ  코스닥 전기·전자,FICS  전자 장비 및 기기,"159,700",+1.14,+36.96,+66.01,+23.89,52.10,"174,100"," 81,200",-987,"17,582",,N/A,6.25,
에코프로,e=086520,KOSDAQ  코스닥 기타금융,FICS  전자 장비 및 기기,"96,900",+4.42,+94.58,+113.67,+41.71,312.71,"97,200"," 38,350","-1,517","12,004",98,N/A,4.70,0.17
에이비엘바이오,e=298380,KOSDAQ  코스닥 제약,FICS  바이오,"190,600",+83.62,+85.05,+151.45,+550.51,659.36,"201,000"," 26,400","-1,094","3,094",,N/A,9.66,
레인보우로보틱스,e=277810,KOSDAQ  코스닥 기계·장비,FICS  기계,"438,500",-4.26,+58.59,+52.52,+233.71,"1,285.47","494,500"," 123,200",110,"6,843",,"1,478.13",23.78,
리가켐바이오,e=141080,KOSDAQ  코스닥 일반서비스,FICS  제약,"185,500",+22.04,+21.96,+72.72,+75.83,369.03,"196,100"," 89,500",226,"17,504",,483.23,6.23,
HLB,e=028300,KOSDAQ  코스닥 제약,FICS  의료 장비 및 서비스,"49,100",-9.74,+21.09,-6.12,-32.83,68.31,"92,500"," 37,000",-702,"4,449",,N/A,16.43,
코오롱티슈진,e=950160,KOSDAQ,FICS  바이오,"80,000",+75.44,+88.68,+105.39,+260.36,592.64,"87,300"," 20,500",-434,"1,834",,N/A,12.68,
펩트론,e=087010,KOSDAQ  코스닥 제약,FICS  바이오,"285,000",+8.78,-6.10,+81.18,+203.19,"3,481.75","386,000"," 78,100","-1,000","6,550",,N/A,15.54,
리노공업,e=058470,KOSDAQ  코스닥 전기·전자,FICS  반도체 및 관련장비,"65,400",+18.05,+41.56,+38.71,+102.12,98.92,"220,000"," 30,656","1,486","8,201",600,25.81,4.68,1.56
삼천당제약,e=000250,KOSDAQ  코스닥 제약,FICS  제약,"216,000",-7.10,+8.00,+42.01,+120.63,358.60,"258,000"," 88,500",-465,"11,368",200,N/A,13.06,0.13
로보티즈,e=108490,KOSDAQ  코스닥 기계·장비,FICS  기계,"283,000",+16.70,+194.43,+326.11,"+1,321.06","1,091.03","288,000"," 17,617",-234,"7,448",,N/A,3.04,
보로노이,e=310210,KOSDAQ  코스닥 일반서비스,FICS  제약,"238,000",+14.70,+65.51,+132.42,+196.39,"1,028.44","249,000"," 68,300","-1,803","3,625",,N/A,22.07,
파마리서치,e=214450,KOSDAQ  코스닥 제약,FICS  의료 장비 및 서비스,"401,500",-20.96,-36.27,-16.18,+82.92,483.58,"711,000"," 211,500","8,574","46,558","1,100",30.62,5.64,0.42
케어젠,e=214370,KOSDAQ  코스닥 제약,FICS  개인생활용품,"72,900",+16.64,+33.76,+117.61,+206.95,159.43,"87,300"," 22,350",602,"5,496",640,47.87,5.24,2.22
클래시스,e=214150,KOSDAQ  코스닥 의료·정밀기기,FICS  의료 장비 및 서비스,"55,300",+16.91,+3.36,-5.47,+23.16,191.05,"70,700"," 40,050","1,517","6,931",257,31.41,6.88,0.54
디앤디파마텍,e=347850,KOSDAQ  코스닥 일반서비스,FICS  바이오,"95,900",+19.75,+136.26,+393.20,+768.97,,"110,000"," 9,960",-706,"1,659",,N/A,7.33,
이오테크닉스,e=039030,KOSDAQ  코스닥 기계·장비,FICS  반도체 및 관련장비,"285,000",+4.40,+42.64,+89.24,+101.27,317.89,"301,500"," 113,100","3,478","49,744",500,40.03,2.80,0.36
원익IPS,e=240810,KOSDAQ  코스닥 기계·장비,FICS  반도체 및 관련장비,"61,800",-8.58,+60.94,+160.21,+183.49,121.90,"71,700"," 20,950",423,"18,277",50,52.87,1.22,0.22
셀트리온제약,e=068760,KOSDAQ  코스닥 제약,FICS  제약,"62,000",-3.43,+18.32,+25.76,+21.37,10.63,"66,600"," 44,600",503,"9,578",0,112.71,5.92,0.00
휴젤,e=145020,KOSDAQ  코스닥 제약,FICS  바이오,"223,000",-2.41,-32.83,-31.80,-17.41,85.06,"388,000"," 214,000","10,775","89,876",,26.03,3.12,
에스티팜,e=237690,KOSDAQ  코스닥 제약,FICS  제약,"118,000",+18.36,+20.41,+52.85,+35.01,43.90,"118,900"," 67,300","1,722","24,966",500,51.61,3.56,0.56
실리콘투,e=257720,KOSDAQ  코스닥 유통,FICS  온라인쇼핑,"41,850",-1.76,-0.36,-18.42,+59.43,"1,476.27","61,800"," 23,550","1,990","4,297",,16.43,7.61,
HPSP,e=403870,KOSDAQ  코스닥 기계·장비,FICS  반도체 및 관련장비,"30,300",-7.06,+12.64,+32.60,+8.60,102.00,"37,050"," 21,300","1,040","4,415",600,25.05,5.90,2.30
펄어비스,e=263750,KOSDAQ  코스닥 IT 서비스,FICS  게임 소프트웨어,"38,650",+11.06,+18.56,+1.58,+6.18,-10.01,"42,950"," 27,150",939,"13,086",,29.49,2.12,
JYPEnt.,e=035900,KOSDAQ  코스닥 오락·문화,FICS  미디어,"68,400",-12.53,-9.04,-11.97,-5.66,8.06,"85,100"," 57,400","2,751","13,811",534,25.41,5.06,0.76
올릭스,e=226950,KOSDAQ  코스닥 일반서비스,FICS  바이오,"119,600",+0.76,+34.84,+143.34,+380.32,473.62,"140,300"," 14,000","-2,218",967,,N/A,19.92,
메지온,e=140410,KOSDAQ  코스닥 일반서비스,FICS  식료품,"84,800",+27.14,+65.63,+113.87,+191.41,559.92,"84,800"," 25,900",-652,"1,537",,N/A,20.07,
에스엠,e=041510,KOSDAQ  코스닥 오락·문화,FICS  미디어,"104,400",-8.02,-25.48,-22.32,+32.99,31.82,"153,000"," 68,300",778,"30,150",400,97.15,2.51,0.53
ISC,e=095340,KOSDAQ  코스닥 유통,FICS  반도체 및 관련장비,"109,500",+47.97,+69.50,+98.37,+92.78,227.35,"114,000"," 43,600","2,579","25,507",810,27.96,2.83,1.12
원익홀딩스,e=030530,KOSDAQ  코스닥 화학,FICS  반도체 및 관련장비,"28,350",-11.96,+214.30,+378.89,"+1,088.68",728.95,"32,600"," 2,160",-965,"12,584",,N/A,0.20,
솔브레인,e=357780,KOSDAQ  코스닥 화학,FICS  반도체 및 관련장비,"271,500",+0.18,+32.44,+62.87,+61.41,27.70,"295,500"," 156,000","15,226","130,694","2,300",10.86,1.27,1.39
심텍,e=222800,KOSDAQ  코스닥 전기·전자,FICS  전자 장비 및 기기,"57,500",-12.88,+134.69,+169.95,+439.91,88.83,"66,000"," 9,950",-953,"14,043",100,N/A,0.79,0.91
오스코텍,e=039200,KOSDAQ  코스닥 제약,FICS  제약,"56,900",+21.84,+35.15,+102.49,+143.16,191.05,"62,000"," 21,700",23,"3,340",,"1,061.43",7.29,
동진쎄미켐,e=005290,KOSDAQ  코스닥 화학,FICS  반도체 및 관련장비,"36,850",-5.75,+28.17,+24.07,+68.26,15.70,"46,850"," 20,400","3,010","19,400",200,6.94,1.08,0.96
신성델타테크,e=065350,KOSDAQ  코스닥 전기·전자,FICS  내구소비재,"63,200",+14.49,+6.04,+3.95,-14.36,586.96,"121,700"," 50,900",-36,"7,594",120,N/A,15.26,0.10
하이젠알앤엠,e=160190,KOSDAQ  코스닥 전기·전자,FICS  기계,"59,700",+11.80,+64.01,+55.06,+539.19,,"69,000"," 8,100",-37,"2,640",,N/A,5.08,
고영,e=098460,KOSDAQ  코스닥 기계·장비,FICS  전자 장비 및 기기,"26,950",+65.54,+83.08,+70.46,+236.03,91.13,"28,800"," 7,610",306,"5,232",140,26.52,1.55,1.73
유진테크,e=084370,KOSDAQ  코스닥 기계·장비,FICS  반도체 및 관련장비,"77,000",-26.25,+69.42,+126.47,+107.55,214.93,"105,700"," 30,400","2,761","18,272",230,11.34,1.71,0.73
테크윙,e=089030,KOSDAQ  코스닥 기계·장비,FICS  반도체 및 관련장비,"47,050",-22.10,+24.80,+32.54,+18.96,671.31,"67,200"," 26,650",-559,"5,489",130,N/A,7.01,0.34
티씨케이,e=064760,KOSDAQ  코스닥 비금속,FICS  반도체 및 관련장비,"147,000",-7.20,+35.61,+53.93,+113.04,43.14,"189,500"," 67,500","6,167","44,219","1,410",11.50,1.60,1.99
하나마이크론,e=067310,KOSDAQ  코스닥 전기·전자,FICS  반도체 및 관련장비,"25,300",-9.48,+80.97,+125.89,+177.41,191.58,"30,800"," 8,320",-378,"6,585",70,N/A,1.40,0.76
에스피지,e=058610,KOSDAQ  코스닥 전기·전자,FICS  전기장비,"66,600",+100.30,+146.67,+148.51,+228.89,289.47,"66,600"," 18,010",591,"11,459",150,39.57,2.04,0.64
엘앤씨바이오,e=290650,KOSDAQ  코스닥 제약,FICS  의료 장비 및 서비스,"68,800",+18.42,+63.23,+155.76,+270.09,175.20,"68,800"," 18,500","6,218","12,706",50,3.88,1.90,0.21
비에이치아이,e=083650,KOSDAQ  코스닥 기계·장비,FICS  에너지 시설 및 서비스,"59,600",+31.86,+15.28,+58.72,+301.89,776.47,"59,600"," 12,960",633,"3,761",,24.38,4.11,
파크시스템스,e=140860,KOSDAQ  코스닥 의료·정밀기기,FICS  전자 장비 및 기기,"225,000",-6.44,-13.29,-16.20,+8.43,96.34,"307,000"," 184,500","6,134","27,214",500,34.48,7.77,0.24
큐리옥스바이오시스템즈,e=445680,KOSDAQ  코스닥 의료·정밀기기,FICS  의료 장비 및 서비스,"91,700",+18.78,+97.20,+205.16,+365.25,,"97,800"," 13,440",-503,"3,016",,N/A,6.15,
LS마린솔루션,e=060370,KOSDAQ  코스닥 건설,FICS  건설,"29,900",+7.75,+28.05,+66.59,+145.09,522.79,"32,450"," 11,471",429,"5,924",147,30.23,2.19,1.13
엔켐,e=348370,KOSDAQ  코스닥 화학,FICS  전자 장비 및 기기,"70,000",-16.27,-3.98,+1.74,-55.89,13.82,"157,600"," 53,800","-27,047","21,494",,N/A,6.18,
삼현,e=437730,KOSDAQ  코스닥 운송장비·부품,FICS  자동차부품,"44,700",+50.25,+198.00,+222.98,+530.47,,"44,900"," 5,960",275,"3,626",50,33.54,2.54,0.54
서진시스템,e=178320,KOSDAQ  코스닥 전기·전자,FICS  전기장비,"25,500",-1.73,+28.14,+12.83,-6.93,66.67,"30,350"," 16,730","1,500","15,467",,17.90,1.74,
카카오게임즈,e=293490,KOSDAQ  코스닥 IT 서비스,FICS  게임 소프트웨어,"16,710",+0.30,+6.43,+0.42,-8.14,-60.02,"23,500"," 13,030","-1,318","16,763",,N/A,0.98,
씨어스테크놀로지,e=458870,KOSDAQ  코스닥 의료·정밀기기,FICS  의료 장비 및 서비스,"118,400",+41.29,+83.28,+538.96,"+1,105.70",,"135,000"," 8,580",-752,"1,705",,N/A,6.16,
HK이노엔,e=195940,KOSDAQ  코스닥 제약,FICS  제약,"51,600",+4.88,+10.26,+25.85,+41.37,30.47,"52,900"," 32,050","2,174","44,172",350,16.49,0.81,0.98
태성,e=323280,KOSDAQ  코스닥 기계·장비,FICS  전자 장비 및 기기,"47,600",+55.30,+65.57,+100.42,+95.60,"2,723.25","49,750"," 17,260",215,"1,475",,106.97,15.62,
네이처셀,e=007390,KOSDAQ  코스닥 제약,FICS  바이오,"22,350",-11.13,+5.42,-16.29,+3.00,25.56,"37,800"," 15,580",19,"1,004",,"1,126.52",21.41,
주성엔지니어링,e=036930,KOSDAQ  코스닥 기계·장비,FICS  반도체 및 관련장비,"29,250",-3.78,+5.79,-10.28,-0.51,144.77,"42,450"," 26,300","2,235","13,041",287,13.18,2.26,0.97
젬백스,e=082270,KOSDAQ  코스닥 기계·장비,FICS  반도체 및 관련장비,"32,550",-29.62,-29.70,-34.77,+88.59,158.33,"69,800"," 13,580","-2,181",837,,N/A,17.68,
CJENM,e=035760,KOSDAQ  코스닥 오락·문화,FICS  미디어,"62,300",-5.89,-15.35,-5.89,+1.80,-20.84,"81,800"," 51,900","-22,955","139,592",,N/A,0.38,
씨젠,e=096530,KOSDAQ  코스닥 제약,FICS  의료 장비 및 서비스,"25,700",-2.10,-0.58,-20.68,+13.47,-4.81,"35,150"," 21,300",-389,"22,500",800,N/A,1.01,3.51
와이씨,e=232140,KOSDAQ  코스닥 기계·장비,FICS  반도체 및 관련장비,"15,100",+11.85,+40.86,+50.10,+56.80,383.20,"15,320"," 8,310",134,"3,966",,75.95,2.57,
파두,e=440110,KOSDAQ  코스닥 전기·전자,FICS  반도체 및 관련장비,"25,500",-3.59,+56.44,+137.21,+55.77,,"28,650"," 8,810","-1,843","1,946",,N/A,7.71,
현대무벡스,e=319400,KOSDAQ  코스닥 기계·장비,FICS  기계,"9,910",+3.01,+38.99,+143.19,+262.34,199.85,"12,800"," 2,820",229,"1,554",50,14.80,2.18,1.48
지아이이노베이션,e=358570,KOSDAQ  코스닥 일반서비스,FICS  바이오,"18,890",+18.95,+1.34,+3.91,+100.24,,"24,000"," 6,653","-1,113",543,,N/A,13.54,
대주전자재료,e=078600,KOSDAQ  코스닥 전기·전자,FICS  전자 장비 및 기기,"74,300",-0.67,+8.94,-0.40,-15.57,-18.08,"117,000"," 64,900","2,382","15,372",100,31.40,4.87,0.13
스튜디오드래곤,e=253450,KOSDAQ  코스닥 오락·문화,FICS  미디어,"38,850",-8.05,-13.47,-21.36,-16.09,-47.64,"56,000"," 37,350","1,114","24,606",,38.64,1.75,
클로봇,e=466100,KOSDAQ  코스닥 IT 서비스,FICS  기계,"42,400",+1.68,+106.33,+134.25,+518.98,,"46,600"," 5,700",-313,"2,440",,N/A,3.65,
와이지엔터테인먼트,e=122870,KOSDAQ  코스닥 오락·문화,FICS  미디어,"62,100",-25.89,-37.59,-28.95,+36.18,40.34,"107,400"," 43,200",991,"26,138",250,46.22,1.75,0.55
차바이오텍,e=085660,KOSDAQ  코스닥 제약,FICS  의료 장비 및 서비스,"15,480",+22.08,+42.02,+54.80,+15.97,18.09,"15,640"," 9,340",-128,"4,513",,N/A,2.34,
인벤티지랩,e=389470,KOSDAQ  코스닥 일반서비스,FICS  제약,"86,900",+63.96,+104.71,+133.60,+531.54,639.57,"97,200"," 11,110","-1,683","3,223",,N/A,6.61,
루닛,e=328130,KOSDAQ  코스닥 IT 서비스,FICS  의료 장비 및 서비스,"39,250",-7.43,-9.04,-18.90,-36.69,198.89,"83,800"," 34,250","-2,858","5,696",,N/A,11.20,
제이앤티씨,e=204270,KOSDAQ  코스닥 전기·전자,FICS  휴대폰 및 관련부품,"19,160",-30.33,+7.40,+9.99,-5.85,201.26,"29,450"," 12,450",-577,"6,000",,N/A,3.14,
에스앤에스텍,e=101490,KOSDAQ  코스닥 전기·전자,FICS  반도체 및 관련장비,"48,800",-14.39,-1.01,+29.10,+90.63,75.86,"62,300"," 24,400","1,421","11,735",150,18.02,2.18,0.59
큐리언트,e=115180,KOSDAQ  코스닥 일반서비스,FICS  제약,"31,100",+49.16,+149.60,+211.00,+614.94,295.42,"32,600"," 4,050",-750,"1,688",,N/A,2.56,
덕산네오룩스,e=213420,KOSDAQ  코스닥 전기·전자,FICS  디스플레이 및 관련부품,"41,800",+3.47,-7.21,+17.58,+76.74,7.59,"49,850"," 22,450","1,843","16,471",,15.06,1.68,
피엔티,e=137400,KOSDAQ  코스닥 기계·장비,FICS  전자 장비 및 기기,"41,500",-1.43,+8.92,+26.33,+0.97,-15.13,"49,400"," 30,150","5,519","24,067",100,6.86,1.57,0.26
하림지주,e=003380,KOSDAQ  코스닥 기타금융,FICS  식료품,"9,220",+25.78,+13.97,+1.65,+57.61,19.43,"10,430"," 5,090",235,"27,586",120,23.10,0.20,2.21
유일로보틱스,e=388720,KOSDAQ  코스닥 기계·장비,FICS  기계,"83,600",-3.58,+15.15,+8.29,+199.11,239.15,"94,900"," 23,950",-846,"8,297",,N/A,3.55,
피에스케이홀딩스,e=031980,KOSDAQ  코스닥 기계·장비,FICS  반도체 및 관련장비,"45,050",-3.22,+23.42,+36.52,+45.32,507.14,"60,800"," 27,900","4,444","20,010",700,8.56,1.90,1.84
필옵틱스,e=161580,KOSDAQ  코스닥 기계·장비,FICS  전자 장비 및 기기,"41,300",-21.93,+33.23,+9.84,+168.01,456.60,"57,300"," 13,700",244,"6,773",,74.95,2.69,
레이크머티리얼즈,e=281740,KOSDAQ  코스닥 화학,FICS  화학,"13,780",-2.89,+17.28,+10.06,+28.31,185.30,"19,900"," 9,790",317,"1,982",50,34.52,5.53,0.46
에이프릴바이오,e=397030,KOSDAQ  코스닥 일반서비스,FICS  제약,"43,350",+18.12,+70.33,+157.88,+178.24,455.48,"43,350"," 12,000",899,"4,056",,18.02,3.99,
코미코,e=183300,KOSDAQ  코스닥 기계·장비,FICS  반도체 및 관련장비,"86,500",-20.64,+5.62,+36.44,+145.04,88.66,"122,700"," 32,650","5,340","26,878","1,000",6.85,1.36,2.73
위메이드,e=112040,KOSDAQ  코스닥 IT 서비스,FICS  게임 소프트웨어,"27,900",+2.76,-0.53,+1.27,-39.87,-25.99,"43,300"," 23,650","5,550","12,920",,6.33,2.72,
피에스케이,e=319660,KOSDAQ  코스닥 기계·장비,FICS  반도체 및 관련장비,"31,600",-14.36,+32.77,+61.80,+82.34,89.22,"40,000"," 16,360","2,732","16,285",400,6.04,1.01,2.42
메디톡스,e=086900,KOSDAQ  코스닥 제약,FICS  바이오,"127,100",+6.90,+4.61,-22.83,+1.68,7.54,"181,600"," 114,200","2,191","74,086","1,100",56.97,1.68,0.88
솔브레인홀딩스,e=036830,KOSDAQ  코스닥 일반서비스,FICS  전자 장비 및 기기,"41,900",+2.20,+8.13,+16.39,+16.55,61.15,"48,050"," 25,350","2,803","63,200",220,12.88,0.57,0.61
하나머티리얼즈,e=166090,KOSDAQ  코스닥 전기·전자,FICS  반도체 및 관련장비,"44,950",+16.45,+59.68,+74.90,+95.01,31.05,"46,650"," 21,900","1,606","18,202",250,14.29,1.26,1.09
에스에프에이,e=056190,KOSDAQ  코스닥 기계·장비,FICS  기계,"24,450",+0.82,+7.24,+10.38,+20.74,-35.40,"26,150"," 18,260","-2,022","30,012",270,N/A,0.65,1.38
두산테스나,e=131970,KOSDAQ  코스닥 일반서비스,FICS  반도체 및 관련장비,"44,300",-6.64,+27.67,+61.68,+78.63,48.91,"53,800"," 22,100","1,903","22,683",160,13.14,1.10,0.64
넥슨게임즈,e=225570,KOSDAQ  코스닥 IT 서비스,FICS  게임 소프트웨어,"13,030",-2.47,-6.46,-2.98,-5.58,-4.89,"16,840"," 11,590",478,"5,241",,28.03,2.55,
동국제약,e=086450,KOSDAQ  코스닥 제약,FICS  제약,"18,750",+6.66,+10.42,+8.70,+15.74,18.67,"19,810"," 14,470","1,353","13,409",200,12.21,1.23,1.21
LS머트리얼즈,e=417200,KOSDAQ  코스닥 전기·전자,FICS  전자 장비 및 기기,"12,290",-18.23,+23.15,+14.01,+18.17,,"15,500"," 9,210",84,"2,728",,140.48,4.32,
SOOP,e=067160,KOSDAQ  코스닥 IT 서비스,FICS  인터넷 서비스,"72,100",-0.41,-6.73,-16.84,-32.05,-17.88,"127,900"," 67,600","8,805","37,462","1,500",10.32,2.43,1.65
카페24,e=042000,KOSDAQ  코스닥 IT 서비스,FICS  인터넷 서비스,"34,450",-2.41,-12.45,-21.88,-0.58,206.22,"68,500"," 30,600","1,066","9,011",,31.79,3.76,
비츠로셀,e=082920,KOSDAQ  코스닥 전기·전자,FICS  전자 장비 및 기기,"35,400",+34.86,+25.09,+23.34,+79.70,176.56,"35,400"," 18,500","2,241","12,639",460,9.44,1.67,2.17
인카금융서비스,e=211050,KOSDAQ  코스닥 기타금융,FICS  보험,"16,000",+28.00,+34.34,+36.75,+148.06,"1,036.36","16,000"," 5,240","1,207","3,082",100,4.65,1.82,1.78
RFHIC,e=218410,KOSDAQ  코스닥 전기·전자,FICS  통신장비,"30,550",-10.28,+10.29,+35.78,+156.72,37.00,"36,750"," 10,650",969,"12,453",100,13.52,1.05,0.76
토모큐브,e=475960,KOSDAQ  코스닥 의료·정밀기기,FICS  의료 장비 및 서비스,"61,700",+50.67,+27.48,+142.91,+360.45,,"62,700"," 12,850",-754,"3,218",,N/A,4.77,
테스,e=095610,KOSDAQ  코스닥 기계·장비,FICS  반도체 및 관련장비,"38,850",-6.27,+34.90,+57.93,+171.87,126.53,"50,200"," 13,090","2,158","19,594",600,7.18,0.79,3.87
디어유,e=376300,KOSDAQ  코스닥 IT 서비스,FICS  인터넷 서비스,"33,000",-9.34,-32.10,-39.34,-5.85,1.07,"62,200"," 29,400","1,027","8,258",215,35.09,4.37,0.60
동성화인텍,e=033500,KOSDAQ  코스닥 화학,FICS  화학,"25,000",-21.26,-22.12,-10.71,+79.86,123.21,"34,050"," 12,930","1,312","7,011",350,11.37,2.13,2.35
서부T&D,e=006730,KOSDAQ  코스닥 일반서비스,FICS  호텔 및 레저,"11,260",+19.15,+8.69,+38.50,+103.62,63.14,"12,570"," 5,060",514,"15,316",100,10.54,0.35,1.85
로보스타,e=090360,KOSDAQ  코스닥 기계·장비,FICS  기계,"74,400",-16.31,+156.99,+183.43,+266.50,276.71,"101,700"," 18,010",227,"9,435",,96.30,2.32,
코스메카코리아,e=241710,KOSDAQ  코스닥 화학,FICS  개인생활용품,"67,900",-2.02,+16.27,+32.62,+36.48,679.56,"76,900"," 40,100","4,008","20,450",100,13.80,2.70,0.18
다우데이타,e=032190,KOSDAQ  코스닥 유통,FICS  증권,"19,340",+12.77,+16.44,+11.47,+87.77,-35.10,"20,350"," 9,670","4,290","35,393",450,2.37,0.29,4.43
나노신소재,e=121600,KOSDAQ  코스닥 화학,FICS  화학,"57,000",-12.17,+6.74,+9.62,-10.66,-32.86,"77,700"," 44,400",-151,"20,218",250,N/A,2.88,0.43
넥스트바이오메디컬,e=389650,KOSDAQ  코스닥 의료·정밀기기,FICS  의료 장비 및 서비스,"88,500",+45.32,+22.24,+102.05,+126.34,,"98,000"," 35,500",387,"5,588",,106.04,7.34,
넥스틴,e=348210,KOSDAQ  코스닥 기계·장비,FICS  반도체 및 관련장비,"73,300",+11.06,+63.80,+38.56,+31.83,41.51,"76,000"," 41,000","3,708","16,043",500,13.78,3.19,0.98
성광벤드,e=014620,KOSDAQ  코스닥 금속,FICS  기계,"27,450",-5.83,-21.57,-19.38,+29.79,92.63,"35,750"," 20,150","1,438","19,293",200,16.17,1.21,0.86
비올,e=335890,KOSDAQ  코스닥 의료·정밀기기,FICS  의료 장비 및 서비스,"12,500",+0.00,+0.00,+21.60,+68.24,338.60,"27,150"," 6,410",559,"1,572",20,14.40,5.12,0.25
메디포스트,e=078160,KOSDAQ  코스닥 제약,FICS  바이오,"19,110",+14.16,+54.99,+94.21,+94.80,48.72,"20,000"," 7,570","-1,647","6,690",,N/A,1.72,
아난티,e=025980,KOSDAQ  코스닥 일반서비스,FICS  호텔 및 레저,"7,690",+2.67,-12.11,-1.54,+55.83,20.16,"11,330"," 5,180",-341,"7,980",,N/A,0.66,
코나아이,e=052400,KOSDAQ  코스닥 IT 서비스,FICS  IT 서비스,"50,400",+7.23,-1.18,-29.61,+170.53,169.52,"81,000"," 21,000","2,029","13,749",680,13.63,2.01,2.46
휴온스글로벌,e=084110,KOSDAQ  코스닥 제약,FICS  제약,"57,500",-4.17,+28.21,+13.64,+67.15,194.87,"62,100"," 32,000","2,041","42,493",525,21.19,1.02,1.21
SFA반도체,e=036540,KOSDAQ  코스닥 전기·전자,FICS  반도체 및 관련장비,"4,275",-1.72,+30.14,+36.36,+36.36,-2.40,"4,870"," 2,575",130,"3,033",,23.78,1.02,
앱클론,e=174900,KOSDAQ  코스닥 제약,FICS  바이오,"40,000",+87.79,+236.98,+227.87,+187.36,160.59,"42,350"," 7,290",-919,"1,606",,N/A,8.79,
휴림로봇,e=090710,KOSDAQ  코스닥 기계·장비,FICS  기계,"5,460",-26.02,+109.60,+156.94,+281.02,5.26,"7,380"," 1,281",-60,"1,137",,N/A,1.31,
포스코엠텍,e=009520,KOSDAQ  코스닥 금속,FICS  금속 및 광물,"16,210",+6.43,+27.54,+42.82,+25.17,70.63,"16,850"," 10,460",14,"2,687",20,876.88,4.45,0.17
안랩,e=053800,KOSDAQ  코스닥 IT 서비스,FICS  일반 소프트웨어,"61,400",+0.99,+2.33,-4.21,+1.32,-12.29,"112,000"," 58,200","3,268","36,016","1,300",20.26,1.84,1.96
브이엠,e=089970,KOSDAQ  코스닥 기계·장비,FICS  반도체 및 관련장비,"26,600",+11.76,+92.34,+110.61,+332.52,106.20,"27,100"," 5,550",-135,"5,709",,N/A,1.20,
브이티,e=018290,KOSDAQ  코스닥 화학,FICS  개인생활용품,"19,560",-20.16,-38.20,-54.77,-47.49,259.56,"44,400"," 19,450","2,739","6,631",,14.60,6.03,
원텍,e=336570,KOSDAQ  코스닥 의료·정밀기기,FICS  의료 장비 및 서비스,"7,450",-9.70,-25.28,-23.59,+81.93,86.25,"13,320"," 3,860",327,"1,419",50,13.44,3.10,1.14
우리기술투자,e=041190,KOSDAQ  코스닥 기타금융,FICS  창업투자 및 종금,"8,210",-4.09,-25.30,+12.31,-5.31,93.18,"12,160"," 5,590","1,759","7,967",,3.93,0.87,
펌텍코리아,e=251970,KOSDAQ  코스닥 화학,FICS  용기 및 포장,"54,500",+2.44,-11.95,-4.55,+42.67,213.22,"73,300"," 37,150","2,637","21,422",420,16.49,2.03,0.97
퓨쳐켐,e=220100,KOSDAQ  코스닥 제약,FICS  제약,"30,250",+43.36,+34.15,+81.03,+62.55,202.50,"33,100"," 15,020",-424,"2,431",,N/A,7.12,
티에스이,e=131290,KOSDAQ  코스닥 의료·정밀기기,FICS  반도체 및 관련장비,"59,700",+22.21,+59.63,+45.43,+54.86,47.77,"62,100"," 35,050","3,840","31,609",400,10.74,1.31,0.97
티엘비,e=356860,KOSDAQ  코스닥 전기·전자,FICS  반도체 및 관련장비,"66,400",+1.07,+121.33,+262.84,+457.05,223.11,"72,800"," 10,720",368,"11,581",200,35.47,1.13,1.53
제주반도체,e=080220,KOSDAQ  코스닥 전기·전자,FICS  반도체 및 관련장비,"19,420",-2.51,+14.24,+41.44,+124.77,411.05,"23,000"," 7,770",567,"5,415",,15.72,1.65,
현대힘스,e=460930,KOSDAQ  코스닥 운송장비·부품,FICS  조선,"18,560",-11.20,-34.76,-5.21,+46.49,,"30,850"," 11,050",476,"6,599",100,28.23,2.04,0.74
이엔에프테크놀로지,e=102710,KOSDAQ  코스닥 화학,FICS  반도체 및 관련장비,"45,600",-5.10,+23.74,+43.17,+184.82,99.56,"61,700"," 15,150","2,178","27,813",150,7.72,0.60,0.89
우리기술,e=032820,KOSDAQ  코스닥 전기·전자,FICS  상업서비스,"4,020",-12.04,-0.99,+76.32,+110.25,189.21,"5,240"," 1,555",-22,691,,N/A,2.41,
태광,e=023160,KOSDAQ  코스닥 금속,FICS  기계,"23,850",-7.38,-12.80,+10.16,+50.38,37.86,"29,400"," 14,620","1,695","21,784",250,10.42,0.81,1.42
지노믹트리,e=228760,KOSDAQ  코스닥 일반서비스,FICS  의료 장비 및 서비스,"27,700",+2.97,+32.54,+108.58,+51.20,205.74,"27,700"," 11,850",-420,"5,285",,N/A,3.87,
천보,e=278280,KOSDAQ  코스닥 화학,FICS  전자 장비 및 기기,"57,400",-17.65,+38.48,+51.45,+43.14,-75.87,"79,400"," 30,300","-2,740","36,996",,N/A,0.98,
코오롱생명과학,e=102940,KOSDAQ  코스닥 제약,FICS  제약,"53,500",+61.14,+74.27,+87.06,+167.50,67.97,"61,200"," 18,510","-7,763","12,021",,N/A,1.91,
NHNKCP,e=060250,KOSDAQ  코스닥 금융,FICS  인터넷 서비스,"15,670",+3.23,+22.04,+101.16,+105.91,21.00,"20,200"," 6,960","1,126","7,480",100,6.31,0.95,1.41
동운아나텍,e=094170,KOSDAQ  코스닥 전기·전자,FICS  반도체 및 관련장비,"32,900",+57.42,+79.88,+68.98,+103.60,278.94,"32,900"," 15,649","1,186","3,977",64,15.17,4.52,0.35
큐로셀,e=372320,KOSDAQ  코스닥 일반서비스,FICS  바이오,"44,900",+12.53,+13.81,+55.09,+109.32,,"45,300"," 19,580","-2,709","2,074",,N/A,14.97,
시노펙스,e=025320,KOSDAQ  코스닥 전기·전자,FICS  휴대폰 및 관련부품,"6,970",+13.33,+5.77,+7.07,+15.92,195.71,"8,070"," 4,810",319,"1,933",,18.60,3.07,
에프에스티,e=036810,KOSDAQ  코스닥 전기·전자,FICS  반도체 및 관련장비,"27,850",-17.60,+4.50,+56.37,+73.63,66.73,"38,600"," 14,067",66,"11,507",0,238.13,1.37,0.00
케이엠더블유,e=032500,KOSDAQ  코스닥 전기·전자,FICS  통신장비,"15,130",-14.33,+13.42,+37.17,+94.72,-45.28,"18,700"," 6,840",-969,"3,607",,N/A,2.43,
에코프로에이치엔,e=383310,KOSDAQ  코스닥 화학,FICS  상업서비스,"27,150",-0.37,+12.19,+8.17,-20.85,-43.73,"36,800"," 22,350","1,341","14,226",300,24.24,2.28,0.92
감성코퍼레이션,e=036620,KOSDAQ  코스닥 유통,FICS  섬유 및 의복,"6,670",+29.26,+14.21,+28.52,+153.61,292.35,"6,680"," 2,525",316,"1,210",,9.76,2.54,
제이에스링크,e=127120,KOSDAQ  코스닥 일반서비스,FICS  바이오,"19,430",-6.81,+8.97,+114.70,+347.70,438.97,"25,100"," 4,000",-538,"1,113",,N/A,5.10,
씨아이에스,e=222080,KOSDAQ  코스닥 기계·장비,FICS  전자 장비 및 기기,"7,440",+3.19,+7.98,+1.09,-7.92,-36.14,"8,590"," 6,370",780,"6,188",,9.49,1.20,
가온칩스,e=399720,KOSDAQ  코스닥 전기·전자,FICS  반도체 및 관련장비,"51,500",-2.65,+11.96,+17.05,+67.48,156.22,"59,900"," 27,550",655,"5,980",,59.71,6.54,
한글과컴퓨터,e=030520,KOSDAQ  코스닥 IT 서비스,FICS  일반 소프트웨어,"24,600",-0.81,-0.20,-8.21,+9.09,83.58,"34,500"," 17,690",574,"14,475",410,36.85,1.46,1.94
제룡전기,e=033100,KOSDAQ  코스닥 전기·전자,FICS  전기장비,"35,650",-7.04,+5.32,+2.89,-11.76,210.00,"61,000"," 27,150","4,976","12,246","1,000",9.23,3.75,2.18
성우하이텍,e=015750,KOSDAQ  코스닥 운송장비·부품,FICS  자동차부품,"7,330",+16.72,+21.96,+27.48,+46.89,31.60,"7,530"," 4,550","1,751","18,910",150,2.84,0.26,3.02
지엔씨에너지,e=119850,KOSDAQ  코스닥 전기·전자,FICS  전기장비,"35,100",-14.91,+16.81,+23.16,+295.27,821.26,"43,950"," 7,960","2,340","10,074",100,3.51,0.81,1.22
케이아이엔엑스,e=093320,KOSDAQ  코스닥 IT 서비스,FICS  인터넷 서비스,"110,300",+18.35,+27.37,+31.62,+59.16,113.35,"112,100"," 64,300","3,703","39,198",600,20.66,1.95,0.78
원익QnC,e=074600,KOSDAQ  코스닥 비금속,FICS  반도체 및 관련장비,"21,500",-5.91,+23.49,+23.63,+19.25,-15.35,"27,000"," 15,420","1,934","17,636",100,9.21,1.01,0.56
위메이드맥스,e=101730,KOSDAQ  코스닥 IT 서비스,FICS  게임 소프트웨어,"6,850",-3.11,-1.44,-8.67,-28.27,-42.44,"9,930"," 5,850",-269,"6,066",,N/A,1.25,
미래에셋벤처투자,e=100790,KOSDAQ  코스닥 기타금융,FICS  창업투자 및 종금,"9,650",+15.57,+58.20,+51.97,+104.23,108.87,"9,650"," 4,195",160,"6,625",85,28.61,0.69,1.86
네오위즈,e=095660,KOSDAQ  코스닥 IT 서비스,FICS  게임 소프트웨어,"26,000",+2.36,+6.56,-1.33,+29.35,-27.48,"29,000"," 18,000",109,"24,813",,173.59,0.76,
쎄트렉아이,e=099320,KOSDAQ  코스닥 운송장비·부품,FICS  상업서비스,"48,600",-11.80,-9.67,+0.52,+15.99,70.53,"74,000"," 36,300",722,"21,529",190,55.45,1.86,0.47
성일하이텍,e=365340,KOSDAQ  코스닥 화학,FICS  전자 장비 및 기기,"42,400",+2.17,+19.94,+26.19,+6.40,-64.34,"47,700"," 30,000","-9,086","16,747",,N/A,2.12,
큐렉소,e=060280,KOSDAQ  코스닥 유통,FICS  의료 장비 및 서비스,"13,230",+18.34,+55.65,+32.57,+99.85,87.13,"14,020"," 5,830",-213,"2,273",,N/A,2.84,
선익시스템,e=171090,KOSDAQ  코스닥 기계·장비,FICS  디스플레이 및 관련부품,"56,100",+2.94,+53.07,+47.24,+26.78,196.04,"56,700"," 33,750","-2,960","5,414",,N/A,7.69,
HLB제약,e=047920,KOSDAQ  코스닥 일반서비스,FICS  제약,"15,770",-12.92,+6.55,-17.00,-26.99,25.16,"31,550"," 13,040",64,"3,659",,379.10,6.59,
현대바이오,e=048410,KOSDAQ  코스닥 화학,FICS  개인생활용품,"5,710",+5.74,-0.52,+4.01,-6.49,-49.93,"7,870"," 4,395",-83,474,,N/A,14.88,
태웅,e=044490,KOSDAQ  코스닥 금속,FICS  에너지 시설 및 서비스,"28,000",+4.28,-22.54,-1.93,+178.88,211.46,"43,700"," 9,250","1,234","30,212",,9.64,0.39,
아이쓰리시스템,e=214430,KOSDAQ  코스닥 전기·전자,FICS  전자 장비 및 기기,"71,400",-1.65,-19.50,-16.10,+78.95,295.57,"120,900"," 36,450","2,106","15,407",400,21.37,2.92,0.89
스맥,e=099440,KOSDAQ  코스닥 기계·장비,FICS  기계,"7,840",+105.50,+96.49,+250.78,+184.38,413.09,"7,840"," 2,035",426,"2,913",,6.84,1.00,
유티아이,e=179900,KOSDAQ  코스닥 전기·전자,FICS  휴대폰 및 관련부품,"26,300",-3.31,-4.36,+14.60,+15.86,12.88,"28,250"," 17,860","-1,235","4,224",,N/A,6.18,
이녹스첨단소재,e=272290,KOSDAQ  코스닥 전기·전자,FICS  디스플레이 및 관련부품,"25,400",+4.74,+7.40,+12.39,+24.51,-13.90,"31,700"," 18,240","3,498","24,842",350,5.75,0.81,1.74
켐트로닉스,e=089010,KOSDAQ  코스닥 화학,FICS  화학,"31,100",-20.15,+15.61,+26.68,+113.01,88.48,"42,500"," 13,260","1,229","12,961",200,12.84,1.22,1.27
에스티큐브,e=052020,KOSDAQ  코스닥 유통,FICS  전자 장비 및 기기,"7,330",-13.76,-3.55,+5.77,+45.73,-53.30,"10,210"," 4,475",-405,"1,388",,N/A,6.15,
동화기업,e=025900,KOSDAQ  코스닥 종이·목재,FICS  건축자재,"9,600",-0.62,+4.58,+11.37,+13.34,-61.28,"13,170"," 7,790",-243,"17,620",,N/A,0.47,
웹젠,e=069080,KOSDAQ  코스닥 IT 서비스,FICS  게임 소프트웨어,"14,600",+20.07,+7.04,+3.33,-6.29,-7.89,"15,890"," 12,060","1,629","21,484",300,8.42,0.64,2.19
인텔리안테크,e=189300,KOSDAQ  코스닥 전기·전자,FICS  통신장비,"45,950",+6.12,-1.18,+0.00,+26.76,-32.10,"53,400"," 31,050",-281,"25,642",100,N/A,1.46,0.27
다날,e=064260,KOSDAQ  코스닥 IT 서비스,FICS  인터넷 서비스,"6,800",-10.41,-19.43,+93.46,+132.88,20.78,"11,090"," 2,475",105,"4,464",,27.05,0.64,
휴메딕스,e=200670,KOSDAQ  코스닥 제약,FICS  제약,"43,950",-12.01,-29.57,-13.31,+33.79,83.89,"75,800"," 31,750","3,496","23,031",630,12.09,1.83,1.49
티에프이,e=425420,KOSDAQ  코스닥 전기·전자,FICS  반도체 및 관련장비,"43,850",+19.81,+13.75,+74.70,+192.33,440.02,"47,300"," 12,830",128,"7,343",,126.63,2.20,
쓰리빌리언,e=394800,KOSDAQ  코스닥 일반서비스,FICS  의료 장비 및 서비스,"15,220",+54.83,+136.70,+128.19,+187.17,,"15,240"," 4,715",-230,892,,N/A,5.74,
HLB생명과학,e=067630,KOSDAQ  코스닥 제약,FICS  도소매,"3,915",-15.35,+7.11,-33.19,-61.01,-60.80,"11,560"," 3,235",52,"3,274",,191.16,3.06,
코미팜,e=041960,KOSDAQ  코스닥 제약,FICS  제약,"6,710",+6.17,+4.03,+27.08,+70.30,-2.27,"6,980"," 3,800",186,963,,20.79,4.01,
엔젤로보틱스,e=455900,KOSDAQ  코스닥 기계·장비,FICS  의료 장비 및 서비스,"31,250",+3.82,+42.69,+31.03,+38.89,,"33,650"," 19,640",-686,"2,690",,N/A,8.57,
바이넥스,e=053030,KOSDAQ  코스닥 제약,FICS  제약,"14,630",-5.12,-17.02,-14.89,-16.02,25.58,"22,800"," 12,890","-1,073","5,851",,N/A,3.13,
유진로봇,e=056080,KOSDAQ  코스닥 기계·장비,FICS  기계,"12,480",-5.74,+20.00,+14.71,+109.40,189.56,"16,260"," 5,330",-85,952,,N/A,6.56,
쏠리드,e=050890,KOSDAQ  코스닥 전기·전자,FICS  통신장비,"8,030",-6.19,+22.60,+14.88,+74.95,45.74,"8,890"," 4,440",754,"5,326",50,8.80,1.25,0.75
툴젠,e=199800,KOSDAQ  코스닥 일반서비스,FICS  바이오,"55,800",-13.62,+62.68,+78.56,+38.63,7.51,"76,200"," 27,000",730,"6,835",,52.42,5.60,
엠로,e=058970,KOSDAQ  코스닥 IT 서비스,FICS  일반 소프트웨어,"38,750",-8.39,-6.40,-21.24,-42.76,200.39,"83,000"," 35,950","1,592","7,276",,40.51,8.86,
GST,e=083450,KOSDAQ  코스닥 기계·장비,FICS  반도체 및 관련장비,"25,850",-2.82,+28.61,+35.62,+64.54,139.91,"30,300"," 14,000","2,437","14,545",300,6.87,1.15,1.79
비나텍,e=126340,KOSDAQ  코스닥 전기·전자,FICS  전기장비,"78,000",+41.05,+69.38,+170.36,+234.87,103.23,"78,200"," 21,400","-1,427","14,719",0,N/A,1.94,0.00
신라젠,e=215600,KOSDAQ  코스닥 일반서비스,FICS  바이오,"3,850",+34.85,+15.27,+17.92,+27.27,-56.81,"4,120"," 1,887",-215,960,,N/A,2.62,
미코,e=059090,KOSDAQ  코스닥 전기·전자,FICS  반도체 및 관련장비,"13,940",-1.20,-10.01,+3.72,+81.75,58.05,"17,170"," 7,070",542,"3,575",,14.79,2.24,
한중엔시에스,e=107640,KOSDAQ  코스닥 전기·전자,FICS  전기장비,"51,600",+7.84,+45.76,+92.18,+145.71,694.95,"55,200"," 18,620","2,136","9,099",,11.07,2.60,
아이티센글로벌,e=124500,KOSDAQ  코스닥 IT 서비스,FICS  금속 및 광물,"20,550",+9.54,+18.24,+39.80,+277.06,428.96,"32,500"," 4,690",183,"3,358",,28.36,1.55,
메가스터디교육,e=215200,KOSDAQ  코스닥 일반서비스,FICS  교육,"44,000",+6.15,-3.30,-15.71,+5.26,-42.33,"54,400"," 37,500","3,991","42,673","1,500",10.97,1.03,3.42
제우스,e=079370,KOSDAQ  코스닥 기계·장비,FICS  반도체 및 관련장비,"14,730",+1.03,+17.09,+8.23,+30.35,50.31,"17,070"," 10,240","1,350","11,229",100,8.80,1.06,0.84
한국기업평가,e=034950,KOSDAQ  코스닥 일반서비스,FICS  상업서비스,"99,000",+0.51,+1.02,+0.81,+11.86,36.36,"106,900"," 84,300","5,381","26,713","3,954",16.24,3.27,4.52
바이오다인,e=314930,KOSDAQ  코스닥 의료·정밀기기,FICS  의료 장비 및 서비스,"15,770",+15.28,+10.67,+2.67,-9.37,284.17,"18,400"," 10,950",0,"1,805",,"44,493.45",8.92,
인화정공,e=101930,KOSDAQ  코스닥 운송장비·부품,FICS  조선,"48,800",-11.75,-13.32,+26.42,+83.11,279.77,"62,300"," 25,400","4,140","27,771",700,7.26,1.08,2.33
아이센스,e=099190,KOSDAQ  코스닥 의료·정밀기기,FICS  의료 장비 및 서비스,"16,730",+0.78,-0.95,+3.72,+4.11,1.77,"20,400"," 13,200",-65,"11,749",100,N/A,1.30,0.65
유바이오로직스,e=206650,KOSDAQ  코스닥 제약,FICS  바이오,"12,430",+0.16,-9.07,-3.04,-1.82,23.68,"14,540"," 10,080",520,"3,614",,23.35,3.36,
나이벡,e=138610,KOSDAQ  코스닥 제약,FICS  의료 장비 및 서비스,"40,150",-2.55,+52.66,+47.61,+146.92,108.57,"45,800"," 13,070",-858,"2,959",,N/A,5.40,
네오셈,e=253590,KOSDAQ  코스닥 기계·장비,FICS  반도체 및 관련장비,"10,240",-9.22,+23.52,+6.33,+6.89,215.08,"12,990"," 7,680",438,"2,722",60,19.95,3.21,0.69
가비아,e=079940,KOSDAQ  코스닥 IT 서비스,FICS  IT 서비스,"31,800",+14.80,+24.95,+40.40,+109.21,197.20,"32,650"," 14,720","1,081","12,559",80,15.24,1.31,0.49
피노,e=033790,KOSDAQ  코스닥 전기·전자,FICS  전자 장비 및 기기,"5,930",+60.05,+42.72,+22.65,+16.73,257.66,"8,400"," 3,575",-123,"2,462",,N/A,2.06,
대화제약,e=067080,KOSDAQ  코스닥 제약,FICS  제약,"19,170",+14.04,+37.22,+20.11,+48.26,83.44,"19,170"," 10,030",29,"4,360",150,383.25,2.51,1.37
덕산테코피아,e=317330,KOSDAQ  코스닥 화학,FICS  반도체 및 관련장비,"20,100",-2.43,+10.14,+7.77,-35.37,22.56,"37,600"," 15,050","-2,596","9,681",,N/A,3.06,
에스티아이,e=039440,KOSDAQ  코스닥 기계·장비,FICS  반도체 및 관련장비,"26,750",+23.27,+45.94,+27.68,+76.22,104.20,"26,750"," 13,670","1,714","17,437",200,10.18,1.00,1.15
씨앤씨인터내셔널,e=352480,KOSDAQ  코스닥 화학,FICS  개인생활용품,"31,550",-12.85,-22.77,-9.86,-24.97,8.42,"48,300"," 27,800","3,240","20,595","1,000",14.11,2.22,2.19
코세스,e=089890,KOSDAQ  코스닥 기계·장비,FICS  반도체 및 관련장비,"25,400",-9.93,+116.35,+241.40,+311.00,156.05,"31,700"," 5,770",-12,"3,968",,N/A,1.66,
기가비스,e=420770,KOSDAQ  코스닥 기계·장비,FICS  반도체 및 관련장비,"34,400",-0.29,+30.80,+24.64,+46.70,,"40,850"," 20,850",269,"16,227",800,91.20,1.51,3.26
파트론,e=091700,KOSDAQ  코스닥 전기·전자,FICS  휴대폰 및 관련부품,"7,380",+7.74,+14.24,+11.14,+4.98,-15.56,"7,510"," 6,290",908,"9,780",300,7.63,0.71,4.33
샘씨엔에스,e=252990,KOSDAQ  코스닥 전기·전자,FICS  반도체 및 관련장비,"7,250",-12.01,+51.04,+51.04,+85.42,82.62,"8,240"," 3,520",57,"2,508",,68.98,1.56,
칩스앤미디어,e=094360,KOSDAQ  코스닥 전기·전자,FICS  반도체 및 관련장비,"19,380",+21.73,+24.07,+17.31,+48.73,140.00,"21,750"," 11,320",481,"4,260",100,32.70,3.69,0.64
강원에너지,e=114190,KOSDAQ  코스닥 전기·전자,FICS  전자 장비 및 기기,"15,180",-16.50,+27.35,+124.56,+44.43,63.58,"18,490"," 6,000",40,"1,550",,226.39,5.77,
네패스,e=033640,KOSDAQ  코스닥 전기·전자,FICS  반도체 및 관련장비,"17,240",+0.88,+35.53,+103.54,+172.78,-8.05,"18,030"," 5,960","-2,699","4,777",,N/A,1.37,
에코앤드림,e=101360,KOSDAQ  코스닥 화학,FICS  화학,"21,750",-3.97,+6.88,-8.61,-12.65,-10.23,"31,750"," 18,130",847,"12,493",,25.85,1.75,
씨메스,e=475400,KOSDAQ  코스닥 기계·장비,FICS  기계,"33,350",+0.76,+25.61,+40.72,+72.17,,"42,750"," 17,870","-1,403","6,396",,N/A,3.75,
지씨셀,e=144510,KOSDAQ  코스닥 일반서비스,FICS  의료 장비 및 서비스,"26,100",+0.38,+35.02,+20.00,+12.50,-46.30,"27,000"," 17,120","-4,677","33,889",,N/A,0.70,
인바디,e=041830,KOSDAQ  코스닥 의료·정밀기기,FICS  의료 장비 및 서비스,"29,900",+10.54,+10.54,+22.54,+37.16,60.75,"31,750"," 20,900","2,422","21,378",400,9.58,1.09,1.72
미래나노텍,e=095500,KOSDAQ  코스닥 화학,FICS  디스플레이 및 관련부품,"12,340",+11.88,+23.28,+53.67,+60.26,-34.01,"13,550"," 7,010",712,"9,656",50,10.71,0.79,0.66
원익머트리얼즈,e=104830,KOSDAQ  코스닥 화학,FICS  반도체 및 관련장비,"31,100",-1.89,+26.42,+46.35,+76.91,0.48,"35,600"," 16,470","2,523","38,164",350,6.83,0.45,2.03
서울반도체,e=046890,KOSDAQ  코스닥 전기·전자,FICS  디스플레이 및 관련부품,"6,620",+7.47,-0.45,-2.50,-4.34,-38.13,"7,660"," 6,010",-87,"12,417",,N/A,0.59,
에이디테크놀로지,e=200710,KOSDAQ  코스닥 전기·전자,FICS  반도체 및 관련장비,"29,500",+27.43,+31.99,+83.00,+114.23,113.00,"31,200"," 12,060","-1,061","10,357",,N/A,1.54,
펨트론,e=168360,KOSDAQ  코스닥 기계·장비,FICS  전자 장비 및 기기,"18,200",-12.08,+40.43,+68.52,+210.05,415.58,"22,850"," 4,850",-90,"1,314",,N/A,3.98,
예스티,e=122640,KOSDAQ  코스닥 기계·장비,FICS  반도체 및 관련장비,"19,000",+10.34,+3.83,+29.08,+123.27,138.39,"21,100"," 7,880",496,"6,179",,19.82,1.59,
국일제지,e=078130,KOSDAQ  코스닥 종이·목재,FICS  종이 및 목재,353,-6.12,-26.46,-17.91,-17.91,-73.99,789, 353,-12,109,,N/A,3.94,
티로보틱스,e=117730,KOSDAQ  코스닥 기계·장비,FICS  기계,"16,850",-22.35,+50.45,+33.31,+128.32,164.94,"24,250"," 6,270",-31,"1,770",,N/A,4.26,
솔트룩스,e=304100,KOSDAQ  코스닥 IT 서비스,FICS  IT 서비스,"31,350",-1.72,-3.83,-34.48,+24.65,281.39,"56,000"," 20,400",-393,"5,905",,N/A,3.79,
와이바이오로직스,e=338840,KOSDAQ  코스닥 일반서비스,FICS  바이오,"26,150",+20.51,+98.71,+197.16,+248.67,,"28,150"," 5,480",-432,"1,229",,N/A,6.26,
티앤엘,e=340570,KOSDAQ  코스닥 제약,FICS  의료 장비 및 서비스,"49,100",+10.34,-7.18,-21.82,-18.71,41.29,"84,000"," 44,200","5,710","21,323",750,11.72,3.14,1.12
콜마비앤에이치,e=200130,KOSDAQ  코스닥 제약,FICS  식료품,"13,390",+1.21,-14.33,-13.00,+15.43,-47.49,"17,700"," 11,250",614,"13,937",308,18.82,0.83,2.67
컴투스,e=078340,KOSDAQ  코스닥 IT 서비스,FICS  게임 소프트웨어,"30,600",-8.79,-21.44,-22.34,-39.17,-50.08,"51,800"," 30,400","-8,462","85,012","1,300",N/A,0.55,2.80
에스에이엠티,e=031330,KOSDAQ  코스닥 유통,FICS  전자 장비 및 기기,"3,855",+12.06,+32.02,+36.70,+42.78,37.19,"4,015"," 2,535",544,"4,395",200,4.79,0.59,7.68
하이록코리아,e=013030,KOSDAQ  코스닥 금속,FICS  기계,"32,400",-5.12,-8.73,+8.00,+31.17,50.70,"38,600"," 23,350","3,718","35,110","1,150",6.76,0.72,4.57
골프존,e=215000,KOSDAQ  코스닥 IT 서비스,FICS  호텔 및 레저,"62,000",+7.27,-0.32,-6.49,-12.06,-44.44,"76,400"," 57,300","7,937","74,618","4,000",8.24,0.88,6.12
한양이엔지,e=045100,KOSDAQ  코스닥 일반서비스,FICS  반도체 및 관련장비,"21,200",+8.16,+11.99,+26.34,+33.25,41.81,"21,900"," 15,150","4,242","34,573",650,3.91,0.48,3.92
오리엔탈정공,e=014940,KOSDAQ  코스닥 기계·장비,FICS  조선,"8,450",-8.75,-3.98,+42.02,+90.53,244.20,"12,540"," 4,240",572,"2,447",100,9.11,2.13,1.92
에코아이,e=448280,KOSDAQ  코스닥 일반서비스,FICS  상업서비스,"12,950",+16.77,-11.42,+5.11,+154.75,,"15,630"," 4,790",76,"4,337",167,106.92,1.88,2.05
한국비엔씨,e=256840,KOSDAQ  코스닥 제약,FICS  의료 장비 및 서비스,"5,580",-0.36,+10.71,+8.98,+42.35,11.60,"6,050"," 3,490",196,"3,385",,21.18,1.23,
데브시스터즈,e=194480,KOSDAQ  코스닥 IT 서비스,FICS  게임 소프트웨어,"31,350",-20.43,-39.36,-26.84,-3.98,-33.58,"56,400"," 27,650","2,327","15,794",,11.90,1.75,
갤럭시아머니트리,e=094480,KOSDAQ  코스닥 IT 서비스,FICS  인터넷 서비스,"9,640",+7.23,-6.32,+3.10,+14.63,95.74,"14,460"," 6,660",21,"2,872",45,368.48,2.65,0.59
프로텍,e=053610,KOSDAQ  코스닥 기계·장비,FICS  반도체 및 관련장비,"34,500",+12.56,+27.07,+43.75,+48.39,52.65,"37,400"," 20,050","1,971","30,642",400,11.09,0.71,1.83
서희건설,e=035890,KOSDAQ  코스닥 건설,FICS  건설,"1,623",+0.00,+0.00,-11.84,+3.44,27.29,"2,035"," 1,464",698,"4,506",45,2.29,0.35,2.82
SAMG엔터,e=419530,KOSDAQ  코스닥 오락·문화,FICS  미디어,"37,750",-28.77,-32.47,-52.09,+210.96,42.45,"94,800"," 11,480","-2,263","3,377",,N/A,3.77,
월덱스,e=101160,KOSDAQ  코스닥 전기·전자,FICS  반도체 및 관련장비,"22,500",-10.00,+2.51,+15.98,+42.14,18.11,"26,550"," 15,120","3,939","18,623",60,4.30,0.91,0.35
한솔아이원스,e=114810,KOSDAQ  코스닥 기계·장비,FICS  반도체 및 관련장비,"12,580",-23.76,+21.55,+39.93,+121.09,69.54,"16,500"," 5,480","1,064","6,562",,6.02,0.98,
에스바이오메딕스,e=304360,KOSDAQ  코스닥 제약,FICS  바이오,"34,200",+46.47,+77.75,+78.68,+84.07,,"34,200"," 16,300",-582,"1,010",,N/A,17.13,
한국피아이엠,e=448900,KOSDAQ  코스닥 운송장비·부품,FICS  자동차부품,"65,100",+100.31,+442.95,+299.39,+340.49,,"66,900"," 10,605",590,"8,870",,25.07,1.67,
뉴로메카,e=348340,KOSDAQ  코스닥 기계·장비,FICS  기계,"31,200",+0.00,+27.35,+29.73,+38.05,126.91,"34,950"," 20,000","-1,589","1,025",,N/A,28.04,
바이오니아,e=064550,KOSDAQ  코스닥 제약,FICS  바이오,"14,590",-1.49,-0.34,-7.72,-20.92,-55.59,"20,450"," 12,490",-798,"8,288",,N/A,2.27,
바이오플러스,e=099430,KOSDAQ  코스닥 제약,FICS  의료 장비 및 서비스,"5,590",-9.69,-7.30,-17.55,-5.57,-21.38,"8,350"," 5,180",233,"2,360",50,31.35,3.10,0.68
에이스침대,e=003800,KOSDAQ  코스닥 기타제조,FICS  내구소비재,"30,800",+14.50,+9.61,+11.59,+20.78,-13.97,"33,100"," 24,650","5,943","64,030","1,450",4.22,0.39,5.78
석경에이티,e=357550,KOSDAQ  코스닥 화학,FICS  화학,"65,000",+40.54,+21.95,+27.45,+60.69,162.63,"65,000"," 36,650",795,"7,486",,49.45,5.25,
신성에스티,e=416180,KOSDAQ  코스닥 운송장비·부품,FICS  전자 장비 및 기기,"37,750",-13.32,+5.89,+14.92,+52.83,,"51,800"," 22,350",786,"11,774",200,36.39,2.43,0.70
안트로젠,e=065660,KOSDAQ  코스닥 유통,FICS  제약,"37,100",+67.12,+51.43,+64.89,+122.42,135.56,"37,100"," 15,240",-236,"11,325",,N/A,1.67,
한스바이오메드,e=042520,KOSDAQ  코스닥 제약,FICS  의료 장비 및 서비스,"28,200",-7.84,+271.54,+212.99,+269.59,184.85,"35,050"," 6,370",-535,"5,375",,N/A,1.83,
슈어소프트테크,e=298830,KOSDAQ  코스닥 IT 서비스,FICS  일반 소프트웨어,"5,660",+5.99,+18.41,+9.27,+25.64,,"6,100"," 3,970",205,"1,791",,21.23,2.43,
우주일렉트로,e=065680,KOSDAQ  코스닥 전기·전자,FICS  휴대폰 및 관련부품,"36,250",-16.09,-3.07,+16.94,+176.51,121.04,"44,650"," 12,010","2,087","28,251",300,8.10,0.60,1.78
뷰노,e=338220,KOSDAQ  코스닥 IT 서비스,FICS  의료 장비 및 서비스,"26,000",+6.78,+11.83,+35.14,-4.24,280.12,"27,600"," 15,820",-933,"2,199",,N/A,11.01,
글로벌텍스프리,e=204620,KOSDAQ  코스닥 금융,FICS  소비자 금융,"4,755",-9.77,-4.42,-20.35,+50.85,85.02,"7,670"," 3,048",82,"1,618",,41.60,2.11,
파인엠텍,e=441270,KOSDAQ  코스닥 전기·전자,FICS  휴대폰 및 관련부품,"9,120",+1.79,-31.17,+71.75,+107.51,26.67,"13,840"," 3,835",-465,"3,781",,N/A,1.40,
스피어,e=347700,KOSDAQ  코스닥 IT 서비스,FICS  의료 장비 및 서비스,"7,380",-11.83,-30.90,-19.87,+88.51,79.78,"14,170"," 3,580",-972,"1,418",,N/A,2.79,
대명에너지,e=389260,KOSDAQ  코스닥 건설,FICS  에너지 시설 및 서비스,"19,150",-9.88,-12.36,-30.36,+88.30,-17.28,"30,950"," 9,980",457,"7,551",,24.73,1.50,
셀바스AI,e=108860,KOSDAQ  코스닥 IT 서비스,FICS  의료 장비 및 서비스,"12,720",-7.09,-3.12,-16.09,-3.78,138.02,"16,510"," 11,070",-216,"4,484",,N/A,2.60,
휴온스,e=243070,KOSDAQ  코스닥 제약,FICS  제약,"28,150",-2.76,-8.75,-1.23,+18.03,-7.40,"32,050"," 21,900","2,459","29,617",630,11.14,0.93,2.30
삼표시멘트,e=038500,KOSDAQ  코스닥 비금속,FICS  건축소재,"3,100",+4.55,-5.05,-4.17,+2.48,-17.44,"3,505"," 2,855",613,"7,006",110,4.81,0.42,3.74
에이치이엠파마,e=376270,KOSDAQ  코스닥 일반서비스,FICS  의료 장비 및 서비스,"52,000",+83.75,+119.41,+128.57,+321.39,,"55,100"," 11,780","-1,201","3,751",,N/A,4.40,
에코마케팅,e=230360,KOSDAQ  코스닥 일반서비스,FICS  섬유 및 의복,"10,760",-5.61,-17.99,+25.70,+7.60,-23.69,"14,540"," 7,640",945,"7,751",500,10.68,1.30,4.96
중앙첨단소재,e=051980,KOSDAQ  코스닥 전기·전자,FICS  통신장비,"2,870",-16.20,+11.24,-8.60,-67.27,341.54,"9,260"," 2,035",-763,969,,N/A,8.66,
에이직랜드,e=445090,KOSDAQ  코스닥 전기·전자,FICS  반도체 및 관련장비,"28,900",-5.09,-0.34,-6.47,+8.24,,"40,900"," 22,050","-1,308","7,825",,N/A,4.40,
케이프,e=064820,KOSDAQ  코스닥 운송장비·부품,FICS  증권,"10,440",-17.01,+1.85,+67.58,+100.38,103.11,"15,860"," 5,110",508,"7,379",300,11.30,0.78,5.23
매커스,e=093520,KOSDAQ  코스닥 유통,FICS  반도체 및 관련장비,"22,400",-13.68,-4.48,+37.42,+187.18,154.55,"28,950"," 7,170","1,240","9,145",200,6.64,0.90,2.43
셀비온,e=308430,KOSDAQ  코스닥 제약,FICS  제약,"26,100",+49.06,+18.64,+43.25,+50.87,,"28,950"," 11,120",-645,"2,310",,N/A,5.11,
제이브이엠,e=054950,KOSDAQ  코스닥 기계·장비,FICS  의료 장비 및 서비스,"26,450",+0.38,-18.87,+4.55,+47.27,43.36,"33,800"," 17,130","2,386","18,685",500,7.99,1.02,2.62
네오팜,e=092730,KOSDAQ  코스닥 화학,FICS  개인생활용품,"19,450",+15.70,+0.93,+33.04,+63.58,98.35,"21,700"," 10,810","1,439","11,203",600,8.23,1.06,5.06
CJ프레시웨이,e=051500,KOSDAQ  코스닥 유통,FICS  식료품,"27,000",+7.14,-6.90,-5.43,+53.93,-15.63,"30,650"," 15,820","2,184","34,990",450,7.99,0.50,2.58
하림,e=136480,KOSDAQ  코스닥 음식료·담배,FICS  식료품,"3,010",+4.88,+0.17,-6.96,+7.31,11.90,"3,800"," 2,705",-115,"2,716",,N/A,1.03,
엘앤케이바이오,e=156100,KOSDAQ  코스닥 의료·정밀기기,FICS  의료 장비 및 서비스,"13,930",+53.92,+77.68,+127.99,+116.64,65.83,"15,410"," 5,610",489,"2,132",,13.57,3.11,
헬릭스미스,e=084990,KOSDAQ  코스닥 일반서비스,FICS  바이오,"6,780",+34.79,-7.50,+116.96,+132.59,-49.40,"8,500"," 2,185",-326,"3,174",,N/A,0.85,
플리토,e=300080,KOSDAQ  코스닥 IT 서비스,FICS  IT 서비스,"18,610",+27.99,+59.20,+143.11,+195.68,100.69,"30,250"," 5,237",49,672,,122.79,8.95,
한양디지텍,e=078350,KOSDAQ  코스닥 전기·전자,FICS  반도체 및 관련장비,"19,960",-11.68,+119.34,+112.79,+147.03,62.94,"25,750"," 7,410","1,674","10,689",,5.09,0.80,
바디텍메드,e=206640,KOSDAQ  코스닥 제약,FICS  의료 장비 및 서비스,"13,530",-0.95,-5.58,-15.65,-20.97,35.71,"18,040"," 13,060","1,161","9,993",150,14.46,1.68,0.89
유니테스트,e=086390,KOSDAQ  코스닥 기계·장비,FICS  반도체 및 관련장비,"14,750",-13.34,-11.94,+22.61,+78.36,17.53,"21,450"," 7,470","-1,252","5,793",,N/A,1.52,
에이치브이엠,e=295310,KOSDAQ  코스닥 금속,FICS  금속 및 광물,"23,000",-5.15,-11.71,-10.16,+18.01,,"35,850"," 16,290",-783,"5,555",,N/A,4.41,
